id,movie,genders,duration,director,release_on,rent_to,rent_on,status
1,Losers' Club (Kaybedenler kulübü),Comedy|Drama,166,Jodi Brigdale,2013-12-03,,,
2,Lulu on the Bridge,Drama|Mystery|Romance,173,Adriaens Reneke,2015-08-14,,,
3,Gentlemen,Drama|Romance|Thriller,114,Fulton Cristofolini,2011-02-24,,,
4,Films to Keep You Awake: The Baby's Room (Películas para no dormir: La habitación del niño),Horror,129,Raynard Edelman,1984-02-28,,,
5,"Candy Snatchers, The",Crime|Thriller,227,Byrann Montford,2011-01-04,,,
6,102 Dalmatians,Children|Comedy,229,Elisha Hazelgreave,1998-09-16,,,
7,Cleanskin,Crime|Drama|Thriller,122,Cathrin Georgiev,1991-08-14,,,
8,"Suicide Shop, The (Le magasin des suicides) ",Animation|Comedy|Musical,129,Quinn Shalliker,2006-10-24,,,
9,Firefox,Action|Sci-Fi|Thriller,221,Temple Domanek,1991-01-02,,,
10,Doomwatch,Mystery|Sci-Fi|Thriller,182,Sandro Northedge,1990-01-30,,,
11,And Soon the Darkness,Mystery|Thriller,199,Leanora Paulazzi,1985-10-22,,,
12,Embodiment of Evil (Encarnação do Demônio),Mystery,149,Callean Pollendine,2023-06-25,,,
13,On My Way (Elle s'en va),Comedy|Drama,225,Deana Dielhenn,2000-09-03,,,
14,Abe Lincoln in Illinois,Drama,198,Daveta Klimentov,2017-09-02,,,
15,Crash Dive,Drama|Romance|War,126,Giles Filipiak,1992-04-10,,,
16,"Toast of New York, The",Comedy|Drama|War,219,Gregoire Gillespey,2018-12-30,,,
17,42,Drama,180,Chariot Hebburn,2017-11-10,,,
18,I Went Down,Comedy|Crime|Drama,164,Orsola Beccero,2001-01-27,,,
19,Crank: High Voltage,Action|Comedy|Crime,192,Farand Cattermull,1987-06-22,,,
20,Ignition,Action|Drama,209,Thorpe Greener,2002-12-01,,,
21,Acts of Worship ,Drama,201,Laure Brunker,1982-01-27,,,
22,So Dear to My Heart,Children|Drama,178,Cayla Cruddas,1988-07-05,,,
23,Budd Boetticher: A Man Can Do That,Documentary,98,Thorn Lowrey,1988-02-01,,,
24,"Death Kiss, The",Comedy|Mystery,237,Valry Quinevan,2002-10-12,,,
25,Greed,Drama,171,Jeff Chritchley,1995-12-15,,,
26,"Grand Dukes, The (Les grands ducs)",Comedy,240,Edie Ivanovic,2004-12-19,,,
27,"Soldier, The",Action,134,Teriann Tuffey,1981-07-29,,,
28,Slumming,Comedy|Drama,174,Tull Kynnd,1996-12-22,,,
29,Higher Learning,Drama,158,Leda Pellew,1997-11-07,,,
30,Road to Zanzibar,Comedy,185,Crichton Gookey,1987-12-29,,,
31,The Land Unknown,Adventure|Fantasy|Sci-Fi,236,Umberto Folger,2011-10-24,,,
32,Pressure Point ,Drama,232,Merrilee Alesi,2002-12-16,,,
33,More,Animation|Drama|Sci-Fi|IMAX,201,Deva Wride,2009-02-17,,,
34,Samoure,Drama,142,Illa Peasegod,1995-03-25,,,
35,Attack the Gas Station! (Juyuso seubgyuksageun),Comedy|Crime,117,Symon Elsby,2011-01-05,,,
36,"Importance of Tying Your Own Shoes, The (Hur många lingon finns det i världen?)",Drama,116,Petr Feighry,2018-03-06,,,
37,Negative Happy Chainsaw Edge (Negatibu happî chênsô ejji),Comedy|Horror,158,Susanna McGillicuddy,1981-09-19,,,
38,Within Limits (Liikkumavara),Documentary,136,Ozzy Clewett,2000-12-21,,,
39,Salvatore Giuliano,Crime|Drama|War,143,Leena Simononsky,1998-06-04,,,
40,Management,Comedy|Romance,126,Raphael Alliston,2015-10-21,,,
41,Hellbenders,Comedy|Horror|Thriller,231,Wain Ferreli,2004-07-21,,,
42,It's My Mother's Birthday Today,(no genres listed),178,Arnie Ferrulli,2005-06-24,,,
43,"Rebound, The",Comedy|Romance,191,Hilde Etchingham,1996-10-08,,,
44,"Women, The",Comedy,153,Corene Dunphie,1983-01-03,,,
45,Motel Hell,Comedy|Horror,203,Herbie Yanshin,1986-09-08,,,
46,Madonna of the Seven Moons,Drama|Mystery,240,Drud Drinkale,2001-11-24,,,
47,"Great Train Robbery, The (a.k.a. First Great Train Robbery, The)",Action|Adventure|Comedy|Crime|Drama,215,Jyoti Lasty,2017-10-11,,,
48,Filth and Wisdom,Comedy|Drama|Musical|Romance,211,Cliff Pietzker,1996-12-10,,,
49,Trilogy of Terror,Horror|Thriller,146,Ainslie McCadden,1995-06-02,,,
50,Wetlands (Feuchtgebiete),Comedy|Drama,156,Francklyn Zapata,2002-12-23,,,
51,Max Keeble's Big Move,Children|Comedy,230,Birgit Wilbor,2001-01-20,,,
52,Deliverance Creek,Drama,187,Walker Beard,2012-08-28,,,
53,"Weather Man, The",Comedy|Drama,110,Beverlie Ferfulle,2006-10-11,,,
54,You Only Live Once,Crime|Film-Noir,208,Godfree Gadney,2008-09-17,,,
55,"Well Spent Life, A",Documentary|Musical,157,Toma Champerlen,2003-04-15,,,
56,Back to Bataan,Drama|War,90,Aube Canaan,1991-10-26,,,
57,Ecstasy in Entropy,(no genres listed),124,Fabiano McGilleghole,1995-02-08,,,
58,"Oranges, The",Comedy|Drama|Romance,161,Wilburt Norssister,2018-10-23,,,
59,"Suspended Vocation, The (La vocation suspendue)",Drama,189,Fleur Matej,2018-01-11,,,
60,Dancing Outlaw II: Jesco Goes to Hollywood,Documentary,95,Derk Farrimond,2009-07-24,,,
61,Superman IV: The Quest for Peace,Action|Adventure|Sci-Fi,239,Karyl Micklewright,2010-09-23,,,
62,Prêt à tout,Comedy,215,Bernice Pichan,2013-12-20,,,
63,12 Rounds 2: Reloaded,Action|Adventure|Thriller,202,Pail Carlesi,2017-11-11,,,
64,Howards End,Drama,189,Benetta Fetteplace,2016-09-18,,,
65,Deterrence,Drama|Thriller,104,Barny Southerton,1985-08-20,,,
66,"Next Step, The",Drama,107,Karl Corday,1984-08-13,,,
67,Striking Range,Action|Thriller,175,Bridie Robun,1986-07-20,,,
68,Knight Without Armor,Adventure|Drama|Romance|Thriller,118,Sumner Orpwood,1981-11-25,,,
69,Season of the Witch,Adventure|Drama|Fantasy,98,Verine Henniger,2021-04-17,,,
70,Australian Atomic Confessions,Documentary,109,Carmine Mattocks,1989-10-03,,,
71,Willy Wonka & the Chocolate Factory,Children|Comedy|Fantasy|Musical,96,Braden Forgie,1989-05-31,,,
72,Ten Little Indians,Crime|Mystery,123,Obie Petto,2001-02-15,,,
73,If....,Drama,172,Ramonda Coare,2003-10-31,,,
74,See Heaven,Documentary,233,Moise Medley,2012-01-18,,,
75,And Then There Were None,Crime|Mystery,94,Patten Halkyard,1997-07-01,,,
76,Baby... Secret of the Lost Legend,Adventure|Sci-Fi,184,Frank Slaight,1993-05-29,,,
77,"Citadel, The",Drama,130,Brant Fogt,2012-04-09,,,
78,Human Lanterns (Ren pi deng long),Action|Horror,155,Abagael Rylands,2015-11-24,,,
79,Jude the Obscure,Drama,149,Fidel Lewins,1991-04-29,,,
80,"Rutles 2: Can't Buy Me Lunch, The",Comedy|Documentary|Musical,123,Darlleen Pinhorn,1997-10-27,,,
81,Bitter Sugar (Azúcar amarga),Drama,146,Marjie Grzeskowski,1991-11-05,,,
82,Red Corner,Crime|Thriller,134,Harrison Stoppe,1987-07-23,,,
83,Billy's Holiday,Drama|Musical,151,Marleen Hagger,1995-09-27,,,
84,Nanny McPhee,Children|Comedy|Fantasy,200,Andi Fabri,2016-03-24,,,
85,Ménage (Tenue de soirée),Comedy|Drama,203,Immanuel Riccelli,2012-06-28,,,
86,The Harry Hill Movie,Comedy,168,Devinne Sivil,2023-09-28,,,
87,Picture This,Comedy|Drama|Romance,165,Henri Byrnes,2021-07-22,,,
88,East Meets West (Dung sing sai tsau 2011),Comedy,165,Mile Karolczyk,1996-12-06,,,
89,"Acapulco, First Beach... To the Left",Comedy,192,Koren Shurmer,1994-08-20,,,
90,Whistling in the Dark,Comedy|Mystery,165,Tedd Allingham,2023-01-09,,,
91,Sharpe's Battle,Action|Adventure|War,234,Gwendolen Tassell,2010-05-03,,,
92,Delirious,Comedy,122,Fielding Ovill,1987-11-22,,,
93,Waltzes from Vienna,Comedy|Musical,145,Gilles Drummond,2004-11-05,,,
94,Smile,Comedy,137,Elden Sheard,1993-07-28,,,
95,Dawn of the Dead,Action|Drama|Horror,148,Violetta Matherson,2020-11-24,,,
96,Bjarnfreðarson,Comedy|Drama,111,Fraser Fuxman,1992-03-01,,,
97,Talk of Angels,Drama,203,Pepi Moreside,2010-05-03,,,
98,Fly Away,Drama,183,Sauncho Darrigone,1995-06-28,,,
99,Universal Soldier: The Return,Action|Sci-Fi,208,Kacey Bednell,2000-02-07,,,
100,Bad Country,Action|Crime|Drama|Thriller,202,Othilia Astlatt,2004-03-16,,,
101,Anatomy (Anatomie),Horror,171,Waiter Jambrozek,1985-06-25,,,
102,Julien Donkey-Boy,Drama,217,Federico Burnham,2020-12-28,,,
103,"Blue Lagoon, The",Adventure|Drama|Romance,177,Hilda Gordge,1986-02-01,,,
104,Bhaji on the Beach,Comedy|Drama,156,Pooh Pischoff,1987-07-25,,,
105,"Honeymoon Killers, The",Crime|Thriller,182,Wendell Twomey,2000-08-29,,,
106,"Best Man, The (Testimone dello sposo, Il)",Comedy|Drama|Romance,108,Catrina Welman,2012-08-10,,,
107,"Badlanders, The",Romance|Western,203,Dotti Ivatt,2006-05-13,,,
108,"Solid Gold Cadillac, The",Comedy,205,Morey O'Carney,2008-09-20,,,
109,Home Alone,Children|Comedy,134,Brigid Gillaspy,2004-06-29,,,
110,Godard's Passion (Passion),Drama,192,Mable Hadland,2003-08-26,,,
111,Lourdes,Drama,93,Lewie Kehoe,1996-09-21,,,
112,Jack's Back ,Crime|Horror|Mystery|Thriller,235,Allan MacKaile,1981-04-04,,,
113,My Friend Flicka,Children|Western,198,Zsazsa Backhurst,1999-06-04,,,
114,RoboCop,Action|Crime|Sci-Fi|IMAX,128,Drud Iczokvitz,1984-11-23,,,
115,"Late Shift, The",Comedy,198,Viki Wims,1985-06-13,,,
116,Murder Ahoy,Comedy|Crime|Drama|Mystery,237,Annamarie Beton,2009-05-12,,,
117,Patti Smith: Dream of Life,Documentary,126,Neila Di Ruggiero,1986-04-02,,,
118,Arsène Lupin Returns,Mystery,228,Joscelin Georgelin,1984-11-15,,,
119,Wonder Man,Comedy|Fantasy|Musical,227,Marieann Ivantsov,2012-07-19,,,
120,Sleep Dealer,Sci-Fi,218,Rey Antecki,2010-10-10,,,
121,Liar Liar,Comedy,143,Johny Baress,1985-02-21,,,
122,Like Minds (Murderous Intent),Crime|Mystery|Thriller,134,Edouard Basterfield,2001-05-12,,,
123,Zero Degrees of Separation,Documentary,192,Vyky Abbot,1990-08-30,,,
124,Don't Stop Believin': Everyman's Journey,Documentary,162,Orsola Anglish,1985-08-21,,,
125,S.P.L.: Kill Zone (Saat po long),Action|Crime|Drama|Thriller,195,Florencia Batts,2022-03-02,,,
126,Love Letters,Drama|Mystery|Romance,237,Quintilla Bunce,1987-07-16,,,
127,"Christmas Toy, The",Children|Musical,176,Clarabelle Elliott,1988-10-03,,,
128,Cargo 200 (Gruz 200),Drama,103,Francisco Lawranson,1983-11-23,,,
129,Asfalto,Drama,192,Ivan Barth,1983-11-19,,,
130,"Shoes of the Fisherman, The",Drama,168,Malanie Wiltshear,2013-03-24,,,
131,"Saddest Music in the World, The",Comedy|Drama|Fantasy|Musical|Romance,164,Granny Bunkle,2016-01-19,,,
132,Vacuum-Cleaner Salesmen (Pölynimurikauppiaat),Documentary,138,Izaak Kennham,1983-07-24,,,
133,Man Is Not a Bird (Covek nije tica),Drama|Romance,225,Hermia Howgate,1982-03-11,,,
134,Circus,Crime|Drama|Thriller,171,Meier Grafhom,2022-08-27,,,
135,"War Comes to America (Why We Fight, 7)",Documentary|War,196,Andria Yushachkov,1993-07-19,,,
136,"Horse Boy, The",Documentary,211,Marian Pammenter,2005-01-30,,,
137,High School,Comedy,211,Lorilee Kenright,2010-06-07,,,
138,Anything But Love (a.k.a. Standard Time),Musical|Romance,170,Rubi Musso,1999-12-25,,,
139,Eastern Promises,Crime|Drama|Thriller,220,Mersey Duck,2009-08-26,,,
140,Deadfall,Crime|Drama|Thriller,108,Derry Brockelsby,1998-04-05,,,
141,"Where Angels Go, Trouble Follows",Comedy,130,Jermaine Milsom,1992-11-10,,,
142,Vai~E~Vem,Comedy|Drama,194,Letisha Duckerin,2021-01-10,,,
143,Safe in Hell,Drama,173,Marney Franssen,2011-07-22,,,
144,Lean on Me,Drama,207,Prudy Micklem,2007-05-07,,,
145,London Boulevard,Crime|Romance,133,Ethelyn Matejovsky,2020-02-19,,,
146,Escape from the Planet of the Apes,Action|Sci-Fi,190,Heloise Pedlingham,2001-04-03,,,
147,Fur: An Imaginary Portrait of Diane Arbus,Drama|Fantasy|Romance,133,Zorine Freckingham,2006-08-25,,,
148,"Man Who Left His Will on Film, The (Tôkyô sensô sengo hiwa)",Drama,187,Ardella Sier,2009-01-08,,,
149,My Girl,Comedy|Drama|Romance,156,Bartholomeus Steele,2016-09-23,,,
150,Pandemonium,Comedy|Horror|Mystery,148,Carolann Hassent,2011-01-24,,,
151,"World According to Monsanto, The (monde selon Monsanto, Le)",Documentary,185,Roderigo O'Neal,1993-08-31,,,
152,High Spirits,Comedy,171,Emmet Beddin,2023-02-10,,,
153,Hum Dil De Chuke Sanam,Drama|Romance,157,Deana Hutfield,2023-01-16,,,
154,Fools Rush In,Comedy|Drama|Romance,162,Rayna Humbee,1994-01-07,,,
155,Bones Brigade: An Autobiography,Documentary,117,Jillana Finicj,1991-03-11,,,
156,Americano,Drama,110,Scot Cutmore,2015-10-28,,,
157,Maskerade,Comedy|Romance,152,Franny Winslade,2014-11-07,,,
158,"It's the Great Pumpkin, Charlie Brown",Animation|Children|Comedy,107,Bessie Shurrock,1988-05-03,,,
159,Front Page Woman,Comedy|Romance,232,Ashlee Ouver,1983-09-14,,,
160,Khumba,Adventure|Animation|Children,190,Valina Spini,1987-10-23,,,
161,Invaders from Mars,Horror|Sci-Fi,184,Claudetta Sherrocks,1981-07-22,,,
162,Germinal,Drama|Romance,132,Cody Jacketts,2022-05-01,,,
163,"Unbelievers, The",Documentary,235,Jacenta Outibridge,2019-06-17,,,
164,Honkytonk Man,Comedy|Drama,150,Georgianna Bridgens,1984-06-30,,,
165,Tarzan Finds a Son!,Action|Adventure,240,Felicdad Hallgarth,2016-09-02,,,
166,Earth (Tierra),Drama|Romance,206,Meyer Savery,1987-06-30,,,
167,"Pyx, The",Crime|Horror|Thriller,122,Cornelia Swaine,1998-10-09,,,
168,Gigante,Comedy|Drama,132,Judah Tolcharde,2012-04-03,,,
169,The Oblong Box,Horror,218,Kain Christofe,2005-11-20,,,
170,Lovers and Other Strangers,Comedy,138,Ronni Abba,2007-08-31,,,
171,Debtocracy,Documentary,157,Lesly Malbon,1990-08-19,,,
172,"Year of the Hare, The (Jäniksen vuosi)",Drama|Romance,184,Rubetta Headon,1991-03-19,,,
173,"Man from Snowy River, The",Drama|Romance|Western,183,Blair Kibbel,2018-02-26,,,
174,Hide Your Smiling Faces,Drama,184,Patric Ranns,2008-04-18,,,
175,"Last Hard Men, The",Western,140,Siouxie Riolfo,2011-06-29,,,
176,Laurence Anyways,Drama|Romance,124,Pansy Yakunin,1985-04-24,,,
177,Empire of the Wolves (L'empire des loups),Action|Drama|Thriller,180,Brendon Dreghorn,2005-08-31,,,
178,Black Moon,Horror,233,Roxanna Whebell,2005-08-28,,,
179,Golden Door (Nuovomondo),Adventure|Drama|Romance,234,Filberte Glantz,2003-04-21,,,
180,"Hour of the Pig, The",Crime|Drama|Mystery,185,Vonni Arnson,2005-08-04,,,
181,Green Light,Drama|Romance,194,Bret Ponten,2002-02-05,,,
182,Mermaids,Comedy|Drama|Romance,110,Buckie Dy,1982-12-17,,,
183,Kotch,Comedy|Drama,100,Arabella Banyard,2015-02-10,,,
184,Cold Trail (Köld slóð),Drama|Mystery|Thriller,171,Juana Dugan,2001-04-12,,,
185,Hot Rod,Comedy,135,Eileen Westhofer,2007-09-08,,,
186,Guinea Pig: Flowers of Flesh and Blood (Za ginipiggu 2: Chiniku no hana),Horror,100,Blakelee Farebrother,2010-06-21,,,
187,Stalag 17,Drama|War,155,Dorisa Peck,2009-12-11,,,
188,Plato's Academy,Comedy|Drama,209,Brenn Mannin,1982-07-19,,,
189,Queen of Montreuil,Comedy,160,Giselle Birts,1980-12-24,,,
190,Traffic Affairs (Mitfahrer),Drama,181,Davey Frankel,2011-06-23,,,
191,Liberty Heights,Drama,129,Jedd Derell,2011-01-10,,,
192,The Big Shave,Drama|Horror,224,Florencia Ellor,1989-09-25,,,
193,Welcome to the Rileys,Drama,165,Valle Bountiff,1992-11-26,,,
194,"Cartoonist: Jeff Smith, BONE and the Changing Face of Comics, The",Documentary,106,Glenna Tipping,2021-07-01,,,
195,"Now, Voyager",Drama|Romance,231,Clifford Genicke,1982-06-09,,,
196,Envy (Kiskanmak),Drama,146,Randy Garfoot,2019-04-19,,,
197,Suspicion,Film-Noir|Mystery|Thriller,198,Forrester Ridd,1983-04-27,,,
198,Grace Is Gone,Drama,199,Phillip Stammer,1988-12-08,,,
199,Because You're Mine,Comedy|Musical,115,Grete Pepperd,2002-11-05,,,
200,Carry on Behind,Comedy,139,Ronny Dawltrey,1985-11-06,,,
201,Thousands Cheer,Comedy|Drama|Musical,90,Caty Trapp,2011-01-31,,,
202,Under the Sun of Satan (Sous le soleil de Satan),Drama,129,Marylynne Cousans,2019-08-10,,,
203,"Burial Ground (a.k.a. Zombie Horror) (a.k.a. Zombie 3) (Notti del Terrore, Le)",Horror,203,Christiane Plaschke,2023-04-26,,,
204,"Foul King, The (Banchikwang)",Comedy,99,Fredra Annear,1984-05-17,,,
205,"Atomic States of America, The",Documentary,133,Bob Theuss,1996-01-31,,,
206,"Jazz Singer, The",Musical,186,Edd Keyser,2014-11-25,,,
207,Angel Baby,Drama,211,Trever Woodhall,2022-09-20,,,
208,Dillinger Is Dead (Dillinger è morto),Crime|Drama,181,Trix Pasfield,2018-07-20,,,
209,"Donner Party, The",Drama|Western,102,Benson Bertelmot,1993-04-18,,,
210,6ixtynin9 (Ruang Talok 69),Action|Comedy|Thriller,215,Sal Nias,1991-12-12,,,
211,Garage Days,Comedy|Musical,225,Andi Saltern,1997-07-22,,,
212,"American Crime, An",Crime,152,Candida Feria,2019-01-29,,,
213,Beautiful Creatures,Drama|Fantasy|Romance,173,Carline Bernardoni,2023-05-03,,,
214,Zodiac,Crime|Drama|Thriller,196,Junina Doerling,2006-11-07,,,
215,Big Hero 6,Action|Animation|Comedy,102,Raffarty Tal,1999-03-02,,,
216,Chang: A Drama of the Wilderness,Adventure|Documentary,198,Chiarra Tolerton,2015-04-28,,,
217,Air Raid Wardens,Children|Comedy,210,Harlene Tulley,2008-03-28,,,
218,Gang Related,Crime,201,Dannel Bouzek,1982-07-09,,,
219,"Snow Queen, The (Lumikuningatar)",Children|Fantasy,199,Alfonso Brew,2019-04-23,,,
220,Firewall,Crime|Drama|Thriller,240,Matty Raoul,1998-03-10,,,
221,"Party, The (Boum, La)",Comedy|Romance,219,Garreth Benoi,1997-10-19,,,
222,Claymation Comedy of Horrors,Animation,209,Kacie Dreigher,2011-07-31,,,
223,In China They Eat Dogs (I Kina spiser de hunde),Action|Comedy,215,Noby Rusk,2018-07-24,,,
224,Bronies: The Extremely Unexpected Adult Fans of My Little Pony,Documentary,144,Dewain Schimke,1999-09-11,,,
225,Mary Reilly,Drama|Horror|Thriller,221,Akim Janic,2022-01-26,,,
226,No Good Deed (a.k.a. The House on Turk Street),Crime|Drama|Thriller,145,Vivie Jolliff,1991-04-26,,,
227,"Therese Raquin (a.k.a. Adultress, The)",Crime|Drama|Romance,132,Desirae Ferrucci,1999-02-12,,,
228,Bigger Than Life,Drama|Mystery|Thriller,151,Barnard O'Dyvoie,2004-01-09,,,
229,"Passion of Ayn Rand, The",Documentary|Drama|Romance,124,Olia Falconar,1996-01-25,,,
230,Aloft,Drama,218,Hal Worsam,2007-01-11,,,
231,Nazis at the Center of the Earth,Action|Adventure|Horror|Thriller,195,Denice Nixon,2019-01-26,,,
232,"Enforcer, The (Gei ba ba de xin)",Action,215,Alexia Pervoe,2001-09-13,,,
233,Love Torn in Dream (Combat d'amour en songe),Drama|Fantasy,159,Jesse Sirey,1989-01-29,,,
234,Female Vampire (Les avaleuses) (Erotic Kill),Horror,200,Nonie Skitt,1984-12-14,,,
235,Where Is the Friend's Home? (Where Is My Friend's House?) (Khane-ye doust kodjast?),Drama,131,Lilllie Fredy,2000-08-06,,,
236,Your Sister's Sister,Comedy|Drama,125,Jennilee Espadate,2010-01-24,,,
237,Sisters,Horror|Thriller,150,Lena Brockie,1999-09-02,,,
238,Radio Inside,Drama|Romance,134,Sandy Garthside,2017-10-11,,,
239,"Bright Lights, Big City",Drama,128,Kaitlin Brandolini,2010-09-27,,,
240,Hercules,Action|Adventure|Fantasy,123,Korella Caselli,2002-04-27,,,
241,Junior Bonner,Comedy|Drama|Western,210,Brigg Chismon,2005-07-21,,,
242,Grandmother,Drama,97,Lorry MacKibbon,1980-11-29,,,
243,"Garçu, Le",Drama,108,Leeanne Blaise,2020-12-26,,,
244,"Gay Bed and Breakfast of Terror, The",Comedy|Horror,167,Em Cowdray,2004-09-29,,,
245,Lake Placid,Horror|Thriller,189,Sande Leavry,1982-08-01,,,
246,"Guard, The",Comedy|Crime,220,Lissie O'Scandall,1997-04-02,,,
247,Murder by Proxy: How America Went Postal,Documentary,216,Ximenez Crosthwaite,2018-09-26,,,
248,Pippi on the Run (På rymmen med Pippi Långstrump),Children,234,Gorden Peagram,1992-08-16,,,
249,In Vanda's Room (No Quarto da Vanda),Drama,165,Gerianna Benley,2009-03-08,,,
250,"Last Horror Movie, The",Horror|Thriller,196,Hugibert Gatsby,1987-01-04,,,
251,Friends & Lovers,Comedy|Drama|Romance,115,Birdie Pechold,1984-11-07,,,
252,"Clay Bird, The (Matir moina)",Drama,210,Mendy Siemantel,2006-10-17,,,
253,"Dead Next Door, The",Horror,130,Marga Keijser,2000-07-16,,,
254,Love Actually,Comedy|Drama|Romance,194,Kirstyn felip,2008-02-13,,,
255,Appointment with Danger,Crime|Drama|Film-Noir,143,Sallyann Jeffery,1981-10-20,,,
256,"Man Who Captured Eichmann, The",Drama|War,169,Mart Lamball,2017-02-13,,,
257,Breaking Out (Vägen ut),Comedy|Drama,164,Juan Beebe,1987-09-04,,,
258,7500,Action|Horror|Mystery|Thriller,123,Craggie Housley,1998-08-26,,,
259,Woman in the Moon (By Rocket to the Moon) (Frau im Mond),Comedy|Drama|Romance|Sci-Fi,136,Clea Pattle,1989-04-21,,,
260,Big Fish,Drama|Fantasy|Romance,177,Sayer Vautre,1994-02-27,,,
261,Above Suspicion,Drama|Thriller,189,Norbert Kwiek,1982-09-27,,,
262,Wicked City (Yôjû toshi),Animation|Fantasy|Horror|Sci-Fi,92,Caryl Younger,2009-12-25,,,
263,Bounty Hunters (Bail Enforcers),Action,228,Ethelbert Kayley,1991-04-24,,,
264,Tough Enough (Knallhart),Crime|Drama,161,Arleyne Emburey,1982-09-03,,,
265,Chef,Comedy,139,Willamina Quadri,2015-10-09,,,
266,"Black Cauldron, The",Adventure|Animation|Children|Fantasy,107,Nealy Considine,2011-01-06,,,
267,Choke,Comedy|Drama,122,Avrit Gerssam,1988-02-06,,,
268,Long Day's Journey Into Night,Drama,234,Skipp Grunder,1989-06-04,,,
269,Sunset,Action|Comedy|Thriller|Western,96,Kira Estick,1984-09-25,,,
270,3 Ninjas,Action|Children|Comedy,123,Levy Cornuau,2019-12-07,,,
271,Once Upon a Warrior (Anaganaga O Dheerudu),Action|Adventure|Fantasy|Musical|Romance,132,Maurene Sperring,2018-02-25,,,
272,Rouge (Yin ji kau),Drama|Fantasy|Mystery|Romance,107,Hamish Gaitley,1982-02-07,,,
273,Basic Instinct,Crime|Mystery|Thriller,229,Meghann McGinley,2002-09-09,,,
274,RFK Must Die: The Assassination of Bobby Kennedy,Documentary,216,Ode Litt,2014-03-29,,,
275,Airbag,Action|Comedy|Crime|Thriller,223,Harlin De Haven,1999-01-26,,,
276,Modify ,Documentary,171,Midge Collman,2006-06-21,,,
277,Rising Sun,Action|Drama|Mystery,104,Edythe Kearey,2001-09-14,,,
278,Monty Python's And Now for Something Completely Different,Comedy,133,Clerissa McKinley,1999-05-31,,,
279,Bear's Kiss,Drama|Fantasy|Romance,108,Florella Winckle,2009-07-15,,,
280,Wyatt Earp's Revenge,Action|Adventure|Drama,141,Lise Ausiello,1996-02-25,,,
281,Revolution,Adventure|Drama|War,227,Fawn Bodocs,1984-09-08,,,
282,Gleaming the Cube,Action|Drama|Mystery,131,Kristien Sapena,2018-02-14,,,
283,Fingersmith,Crime|Drama|Romance,193,Marni Thorington,2010-07-07,,,
284,The Last Diamond,Drama,126,Robby Eiler,2003-11-14,,,
285,Bridget Jones: The Edge of Reason,Comedy|Drama|Romance,200,Anitra Ickovicz,2011-09-29,,,
286,Go Figure (Va savoir),Comedy|Drama|Romance,211,Dylan Habden,2019-10-12,,,
287,Bombón: El Perro (El perro),Comedy|Drama,207,Valentia Dubble,2015-03-03,,,
288,Alligator Eyes,Drama|Film-Noir|Mystery,200,Consuela Stidever,1996-08-09,,,
289,Men with Guns,Action|Drama,111,Willabella Moncarr,1992-02-02,,,
290,"Blood, Guts, Bullets and Octane",Action|Comedy,106,Vanya Shemilt,1984-03-03,,,
291,Moon Man,Animation|Sci-Fi,236,Sander Landre,2017-07-16,,,
292,Paradise: Faith (Paradies: Glaube),Drama,117,Dorine Dodimead,2009-01-22,,,
293,"First $20 Million Is Always the Hardest, The",Comedy,91,Blair Philipeaux,1984-09-26,,,
294,The Natural Love,Documentary,130,Thornton Fabry,2011-12-04,,,
295,Chinese Zodiac (Armour of God III) (CZ12),Action|Adventure|IMAX,187,Zak Tuer,1988-01-15,,,
296,In Bloom (Grzeli nateli dgeebi),Drama,101,Carola Monckton,1991-10-13,,,
297,Speed 2: Cruise Control,Action|Romance|Thriller,170,Leontine Schwandermann,1980-11-18,,,
298,We Are Legion: The Story of the Hacktivists,Documentary,172,Steven Tyrer,1987-10-12,,,
299,"Boat That Rocked, The (a.k.a. Pirate Radio)",Comedy|Drama,238,Laure Bakhrushkin,2010-12-06,,,
300,"Far Side of the Moon, The (Face cachée de la lune, La)",Drama,153,Frans Leipnik,2015-10-30,,,
301,Up the Academy,Comedy,94,Zitella Swinnard,1987-07-02,,,
302,Party Girl,Comedy,109,Felice Attaway,2018-09-18,,,
303,588 Rue Paradis (Mother),Drama,217,Nanon Wickenden,1982-12-09,,,
304,Millions,Children|Comedy|Crime|Drama|Fantasy,97,Josephina Stoffer,1999-02-15,,,
305,"Sleeping Beauty, The (La belle endormie)",Drama,104,Ariella Oxtoby,2008-04-19,,,
306,Island,Drama|Mystery|Thriller,167,Pryce Jobbins,1994-02-22,,,
307,Killer of Sheep,Drama,104,Maressa Poel,2010-11-23,,,
308,"Day of the Locust, The",Drama,137,Orsa Randalston,2019-11-06,,,
309,"Wildcat, The (Die Bergkatze)",Comedy|Drama|Romance,194,Janaye Craske,2011-03-16,,,
310,Besotted,Drama,150,Corey Pollicote,2017-08-10,,,
311,"Widow of St. Pierre, The (Veuve de Saint-Pierre, La)",Drama|Romance,196,Allie Whewill,1989-05-30,,,
312,John Doe: Vigilante,Crime|Thriller,216,Jarred Roisen,2009-02-06,,,
313,Rated X,Drama,208,Mallorie Spilling,1985-01-18,,,
314,"Hard Corps, The",Action|Thriller,188,Kaylee Ivachyov,1983-03-10,,,
315,"3 Penny Opera, The (Threepenny Opera, The) (3 Groschen-Oper, Die)",Crime|Musical,128,Almeta Sandeford,2020-03-31,,,
316,Will Success Spoil Rock Hunter?,Comedy|Romance,230,Otis Gregs,2000-08-09,,,
317,Smoking/No Smoking,Comedy,123,Conni Seiler,1991-04-24,,,
318,Hannibal Rising,Drama|Horror|Thriller,185,Christy Benadette,2020-06-18,,,
319,She Cried No (Freshman Fall),Crime|Drama,234,Colly Melladew,1987-07-12,,,
320,School for Scoundrels,Comedy|Crime,175,Eva Whiteway,2001-08-12,,,
321,She-Devil,Comedy,220,Kacey Boller,2021-05-16,,,
322,Old Men in New Cars (Gamle mænd i nye biler),Action|Comedy,223,Adrianne Pattini,1999-12-08,,,
323,Cowboy del Amor,Documentary,215,Kissie Wiggam,2020-08-26,,,
324,Asylum,Horror,169,Archambault Syratt,2019-03-26,,,
325,Somebody to Love,Drama,154,Ricky Worsnop,2010-12-23,,,
326,"Shining, The",Horror,169,Charleen Osmint,2006-03-24,,,
327,The Missionaries,Comedy|Romance,119,Cheryl Symonds,1987-06-21,,,
328,"Bread, Love and Dreams (Pane, amore e fantasia)",Comedy|Romance,227,Agnese Burnyate,2007-06-08,,,
329,Stromboli,Drama,101,Christiane Fitzgerald,2018-11-25,,,
330,Cabin Boy,Comedy,96,Carey Annand,2011-11-30,,,
331,"Nightmare Before Christmas, The",Animation|Children|Fantasy|Musical,109,Cly Posselwhite,2009-03-24,,,
332,Pride and Prejudice,Drama|Romance,184,Rhona Trasler,2008-07-14,,,
333,Forever Young,Drama|Romance|Sci-Fi,111,Rubie Bickerdicke,2008-02-05,,,
334,In the Valley of Elah,Drama|Mystery,113,Grant Macquire,2009-01-08,,,
335,"Natural, The",Drama,240,Karrie Smitherman,2001-01-25,,,
336,1990: The Bronx Warriors (1990: I guerrieri del Bronx),Action|Sci-Fi,122,Laryssa Hefner,2017-09-09,,,
337,Silent Trigger,Action|Drama,134,Raynard Casaccio,2022-04-01,,,
338,Mantle,Documentary,127,Maggee Winslade,1987-01-22,,,
339,On the Occasion of Remembering the Turning Gate (Saenghwalui balgyeon),Drama,181,Abramo Duncanson,2017-07-22,,,
340,"Love Affair, or the Case of the Missing Switchboard Operator (Ljubavni slucaj ili tragedija sluzbenice P.T.T.)",Drama,119,Stephenie Baber,2002-08-06,,,
341,L!fe Happens,Comedy,139,Stormy Domange,2007-04-12,,,
342,3 Ring Circus,Comedy,129,Franz Handrik,2009-07-29,,,
343,Only Daughter,Drama,172,Celestina Wolfer,2012-07-07,,,
344,Double Harness,Comedy|Drama,182,Spenser Rump,1983-02-04,,,
345,Design for Living,Comedy|Romance,173,Delia Thirst,2010-11-08,,,
346,Peking Opera Blues (Do ma daan),Action|Comedy,215,Cynthy Schreiner,2010-01-23,,,
347,"Man from Elysian Fields, The",Drama,170,Darlleen Raw,2008-08-15,,,
348,"Move Over, Darling",Comedy|Romance,179,Biddy Scowen,1994-08-19,,,
349,Broken,Drama,188,Kahlil Sambals,1984-12-28,,,
350,Ra.One,Action|Musical|Sci-Fi,146,Susi Piperley,2015-05-12,,,
351,From Beyond the Grave (Creatures),Horror,209,Elly Kreutzer,1988-03-17,,,
352,Murder in Coweta County,Crime|Drama,111,Arni Follis,2009-05-09,,,
353,Frozen Hell (Jäämarssi) ,Documentary|War,160,Tera Gaber,1990-06-21,,,
354,Looker,Drama|Horror|Sci-Fi|Thriller,112,Cecilla Christophe,2009-02-26,,,
355,Johns,Drama,162,Meredithe Glidden,1994-04-25,,,
356,Daddy Nostalgia (Daddy Nostalgie),Drama,200,Aldrich Cassam,1985-11-30,,,
357,"Look of Love, The",Comedy|Drama,236,Alic Freire,2008-10-06,,,
358,Stagecoach,Action|Drama|Romance|Western,177,Deidre Kielt,2008-09-17,,,
359,The Gamma People,Horror|Sci-Fi,237,Raymund Spyby,1990-11-07,,,
360,Disneyland Dream,Documentary,167,Cornelle Flacknell,1987-04-17,,,
361,"Merchant of Venice, The",Comedy|Drama,95,Dora Paoletti,1981-09-12,,,
362,Vares: The Kiss of Evil (Vares - Pahan suudelma),Action|Crime|Film-Noir,207,Jessamyn Bachura,1984-01-25,,,
363,"Guide for the Married Man, A",Comedy,114,Kerrin Ilyinykh,2023-04-09,,,
364,First Position,Documentary,157,Udall Giraudot,1983-10-28,,,
365,Papa's Delicate Condition,Comedy,105,Verla Arnson,2014-09-01,,,
366,"Escape Artist, The",Drama|Thriller,100,Basile Ivashnyov,1998-12-26,,,
367,Deficit (Déficit),Drama,219,Ilario Duxbury,2008-12-05,,,
368,Cruising,Crime|Drama|Thriller,204,Ealasaid Muzzlewhite,1990-08-17,,,
369,Forest Warrior,Action|Adventure|Comedy|Western,217,Risa Slatten,1981-10-22,,,
370,Chatroom,Crime|Drama|Mystery|Thriller,209,Lacy Eglington,2005-12-28,,,
371,Dad,Drama,102,Quent Champkins,2010-09-26,,,
372,Happy End,Drama,203,Rozelle Kayes,1996-09-23,,,
373,Season of the Witch,Adventure|Drama|Fantasy,182,Linus Vanini,1981-04-16,,,
374,Cheech and Chong's Up in Smoke,Comedy,190,Blinnie Stading,1995-09-13,,,
375,"Souler Opposite, The",Comedy|Romance,196,Selina Norvill,2018-12-09,,,
376,Hard Sun,Drama|Romance,236,Donnell Neat,1986-01-03,,,
377,"Price Above Rubies, A",Drama,206,Mariette Bompas,2007-07-22,,,
378,Samurai Fiction (SF: Episode One),Action|Adventure|Comedy,210,Tori Farrey,2013-05-13,,,
379,Chloe,Drama|Thriller,127,Jervis Magowan,2016-05-27,,,
380,Friends with Money,Comedy|Drama|Romance,193,Lisbeth Le Barre,1982-10-18,,,
381,Temptation of a Monk (You Seng),Action|Adventure|Drama|Romance,180,Gladys Dalgliesh,2007-10-12,,,
382,Charlie Chan at the Wax Museum,Comedy|Crime|Mystery|Thriller,108,Camille Gabbott,2023-09-21,,,
383,State and Main,Comedy|Drama,206,Pavla Reavell,1994-12-01,,,
384,"Ultimate Accessory,The (100% cachemire)",Comedy,107,Nannie Messager,2023-05-27,,,
385,Tropical Malady (Sud pralad),Drama|Fantasy|Romance,226,Noemi McChesney,1998-10-03,,,
386,27 Dresses,Comedy|Romance,95,Francois Geertsen,1983-05-04,,,
387,Haunted Honeymoon,Comedy,198,Nathanael Bernaert,1996-08-04,,,
388,"Star for Two, A",Drama|Romance,193,Ellerey Gregh,1982-12-30,,,
389,Ned Kelly,Action|Crime|Western,176,Carree Clewer,1995-10-14,,,
390,In the Soup,Comedy|Drama,174,Mason McCaughey,2013-01-29,,,
391,"Purple Ball, The (Lilovyy shar)",Fantasy|Sci-Fi,99,Blair Phlippsen,1990-02-11,,,
392,Katy Perry: Part of Me,Documentary|Drama,160,Rosalynd Willes,2013-03-09,,,
393,Female Vampire (Les avaleuses) (Erotic Kill),Horror,95,Chelsea Yashin,2020-07-08,,,
394,From Within,Horror|Thriller,212,Carlene Cawkill,2007-02-27,,,
395,Talaash,Crime|Drama|Mystery,141,Shelia Earie,2018-03-15,,,
396,"Revenant, The",Comedy|Horror,101,Aluino Creek,2010-09-24,,,
397,Macario,Drama|Fantasy|Mystery,188,Ellary Ledur,2007-02-28,,,
398,"Rose Seller, The (La vendedora de rosas)",Drama,99,Evered Sandeford,1985-09-13,,,
399,Clear History,Comedy,163,Merline Hinchshaw,1989-06-08,,,
400,Miffo,Comedy|Drama|Romance,200,Nickey De Lascy,2015-08-06,,,
401,Birth of the Living Dead,Documentary,178,Heddi Haly,2013-06-19,,,
402,Shanghai Express,Adventure|Drama|Romance,188,Adelaida Symones,1993-12-22,,,
403,"Mark, The",Drama,131,Sondra Flucks,1993-11-28,,,
404,I Stand Alone (Seul contre tous),Drama|Thriller,185,Charil O'Carney,2000-01-09,,,
405,Jindabyne,Crime|Drama|Mystery|Thriller,158,Nicolina Appleby,2005-07-03,,,
406,Everybody Wins,Drama|Mystery|Thriller,111,Candis Siene,2013-11-12,,,
407,Munich,Action|Crime|Drama|Thriller,222,Delainey Alesin,2022-03-30,,,
408,"Carabineers, The (Carabiniers, Les)",Comedy|Drama|War,224,Bianka Dik,1993-03-14,,,
409,Lover Come Back,Comedy|Romance,179,Maurizia Friedenbach,1995-01-02,,,
410,When the Game Stands Tall,Drama,154,Milka Raftery,2002-02-15,,,
411,Why Not Me? (Pourquoi pas moi ?),Comedy,133,Jaymie Cassius,2004-09-25,,,
412,Lucky Break,Comedy|Crime,99,Rabbi Ditter,2000-09-15,,,
413,Moscow Does Not Believe in Tears (Moskva slezam ne verit),Drama|Romance,225,Doro Rosewarne,1997-05-07,,,
414,All's Faire in Love,Comedy,146,Fonz Fitt,1981-09-28,,,
415,"Fist of Fury (Chinese Connection, The) (Jing wu men)",Action|Drama|Romance|Thriller,137,Mackenzie Tutchings,2023-07-29,,,
416,"Now, Voyager",Drama|Romance,105,Pat Vassie,1992-07-22,,,
417,Hollywood Between Paranoia and Sci-Fi. The Power of Myth,Documentary,237,Roderick Allbut,1987-03-03,,,
418,Halloween II,Horror|Thriller,113,Krystal Aizkovitch,1987-10-31,,,
419,Mulan II,Action|Animation|Children|Comedy|Musical,240,Lynett Bootes,1999-10-30,,,
420,Hannah Arendt,Drama,117,Arlin Stainton - Skinn,2004-11-08,,,
421,Central Station (Central do Brasil),Drama,230,Jefferey Liggons,2022-10-12,,,
422,Bobby,Drama,158,Glory Tillman,1984-07-17,,,
423,Underground: The Julian Assange Story,Drama,143,Martino Merrell,2011-09-05,,,
424,Flight of the Conchords: A Texan Odyssey,Comedy,184,Tammara Tash,2013-10-22,,,
425,Land and Freedom (Tierra y libertad),Drama|War,199,Pamelina Spyer,2006-03-09,,,
426,"English Patient, The",Drama|Romance|War,212,Tillie Chestnutt,2009-05-27,,,
427,More Wild Wild West,Adventure|Comedy|Sci-Fi|Western,215,Mikaela Pinckney,2000-09-05,,,
428,"Immortal Story, The (Histoire immortelle)",Drama,185,Tamas Chislett,2003-09-14,,,
429,Yuki & Nina,Drama,237,Valentine Matschoss,2018-04-25,,,
430,"Day in the Life, A",Crime|Drama|Thriller,223,Burgess Darkott,2021-10-07,,,
431,28 Up,Documentary,224,Mayne Obin,2004-08-06,,,
432,Ticket To Romance (En enkelt til Korsør),Comedy|Drama|Romance,194,Opalina Leuchars,1982-03-29,,,
433,Sea Wife,Drama|Romance,96,Weber Delap,2020-08-08,,,
434,From Above,Drama|Romance,128,Kimberlee Barus,2010-07-22,,,
435,Hotel Transylvania,Animation|Children|Comedy,222,Charmine Ludron,2015-11-23,,,
436,Going Clear: Scientology and the Prison of Belief,Documentary,97,Brandi Munnion,2018-02-22,,,
437,Lust for Gold (Duhul aurului),Drama,239,Taddeo Blasdale,1998-07-26,,,
438,Return of the Living Dead 3,Horror|Romance|Sci-Fi,156,Rosalyn Eastby,1984-11-01,,,
439,"Unknown Soldier, The (Tuntematon sotilas)",Drama|War,164,Cheri Brahm,2012-04-09,,,
440,Inside The X-files,Documentary,200,Cesare Freear,2002-02-07,,,
441,"Good Girl, The",Comedy|Drama,178,Waring Frangleton,2009-01-29,,,
442,Blood Games ,Action|Thriller,204,Ida Farrar,1999-05-11,,,
443,"Body Snatcher, The",Drama|Horror|Thriller,99,Muhammad Scadding,2011-02-09,,,
444,"Fish Called Wanda, A",Comedy|Crime,107,Delora Absolon,2004-10-11,,,
445,Jane Austen in Manhattan,Drama|Romance,182,Raine Tant,2013-10-20,,,
446,Army of Shadows (L'armée des ombres),Action|Drama|Thriller|War,91,Dietrich Riddles,1985-12-30,,,
447,Fugly!,Comedy,180,Sharlene Poulney,1984-05-20,,,
448,Herb & Dorothy,Documentary,185,Morganne Speare,1994-02-13,,,
449,"Ordet (Word, The)",Drama,96,Delaney Cowmeadow,1996-11-15,,,
450,Ciao Bella,Comedy|Drama|Romance,104,Fremont Crosham,2017-08-13,,,
451,Super Bitch,Action,161,Livy Vuitte,2020-01-26,,,
452,Radio Inside,Drama|Romance,140,Betta Freeborne,1982-04-21,,,
453,"Wild Horse, Wild Ride",Documentary|Western,122,Yelena Giriardelli,2016-05-20,,,
454,Major Barbara,Comedy,198,Far Sheen,1996-04-10,,,
455,Go for It,Action|Adventure|Comedy,91,Dorie Valentino,2014-10-30,,,
456,Billy Jack,Action|Drama,112,Flory Careswell,1981-08-02,,,
457,"Slingshot, The (Kådisbellan)",Comedy|Drama,187,Rodina Llewellyn,2014-01-11,,,
458,Edmund Kean: Prince Among Lovers (Kean),Drama,151,Robenia Coughan,1993-10-23,,,
459,"Power of One, The",Drama,168,Nichole Lark,1985-07-10,,,
460,"China Syndrome, The",Drama|Thriller,232,Mari Trematick,2013-02-23,,,
461,"Man Who Sleeps, The (Un homme qui dort)",Drama,176,Minni Nancekivell,2010-09-08,,,
462,"Devil and Daniel Johnston, The",Documentary,194,Marijo Wattinham,2009-01-13,,,
463,Paisan (Paisà),Drama|War,109,Saxon Wastall,1981-06-02,,,
464,Kung Fu Hustle (Gong fu),Action|Comedy,181,Rodolphe Hanmore,2023-02-02,,,
465,Serpico,Crime|Drama,155,Rois Shovelton,1981-11-04,,,
466,Brother Bear 2,Adventure|Animation|Children|Comedy|Fantasy,201,Dame Pennyman,2012-12-28,,,
467,Flags of Our Fathers,Drama|War,217,Rowe McRobbie,2012-08-03,,,
468,Duck Soup,Comedy|Musical|War,167,Pavia Truder,2007-07-22,,,
469,"Gods Must Be Crazy II, The",Comedy,205,Lurleen Vondrach,1997-10-21,,,
470,"Screaming Skull, The",Horror|Mystery,101,Teresa Elis,1993-04-27,,,
471,Larry the Cable Guy: Health Inspector,Comedy,155,Catharine Dillway,1986-01-20,,,
472,"Last Wedding, The (Kivenpyörittäjän kylä)",Comedy|Drama,142,Merv Duce,2005-05-31,,,
473,"Sheepman, The",Comedy|Western,192,Giselbert Hilldrop,2008-02-29,,,
474,Dragon Ball Z: Wrath of the Dragon (Doragon bôru Z 13: Ryûken bakuhatsu!! Gokû ga yaraneba dare ga yaru),Action|Adventure|Animation,172,Andriette Shoutt,2017-04-26,,,
475,"Addiction, The",Drama|Horror,133,Vincent Aveling,2010-03-15,,,
476,"Lie, The",Drama,188,Dukie Chettle,2000-01-19,,,
477,"Tale of Zatoichi, The (Zatôichi monogatari) (Zatôichi 1)",Drama,198,Kassia Bussens,2021-03-08,,,
478,"300 Spartans, The",Adventure|Drama|War,136,Rawley Bambra,1984-01-08,,,
479,Zero Motivation (Efes beyahasei enosh),Comedy|Drama,166,Marcela Raoul,2011-12-06,,,
480,Castaway on the Moon (Kimssi pyoryugi),Comedy|Drama|Romance,93,Cosmo Bierling,2010-09-02,,,
481,"Witches, The",Children|Fantasy,172,Brigg Godain,2010-03-01,,,
482,Gallipoli,Drama|War,103,Leena Gaskarth,1991-02-05,,,
483,A Husband of Round Trip,Comedy|Fantasy,100,Carlynn MacKaig,2008-06-12,,,
484,March or Die,Adventure|Drama|Romance|War,90,Field Woodhams,2010-01-31,,,
485,Godzilla vs. SpaceGodzilla (Gojira VS Supesugojira),Action|Sci-Fi,112,Hulda Trusslove,1998-11-22,,,
486,Nana,Drama,98,Pedro Sambles,2018-09-20,,,
487,Comes a Bright Day,Romance,174,Moreen Rosenbarg,2023-05-01,,,
488,First Descent,Documentary,210,Edgar Stirrup,2008-03-23,,,
489,Bill Cunningham New York,Documentary,96,Jobi Pitman,2020-02-21,,,
490,Flowers in the Attic,Drama|Mystery|Thriller,185,Binny Durran,1983-02-07,,,
491,Far from the Madding Crowd,Drama|Romance,98,Ermanno Bonelle,2018-02-08,,,
492,"Pride of St. Louis, The",Drama,165,Dulcea Fawcus,2018-03-23,,,
493,Boy Meets Girl,Comedy,212,Jermain Aveyard,1986-07-04,,,
494,Bikini Summer II,Comedy,129,Sinclare Gamett,2021-04-11,,,
495,Silmido,Action|Drama|War,185,Windy Goalby,2018-08-12,,,
496,Demon Seed,Horror|Sci-Fi|Thriller,207,Antoinette Heak,1986-06-14,,,
497,Four Nights of a Dreamer (Quatre nuits d'un rêveur),Drama|Romance,108,Prudence Stewart,2022-10-10,,,
498,American Yakuza,Action|Drama|Thriller,97,Linzy Everill,2015-02-27,,,
499,The Son of the Sheik,Action|Comedy,213,Garrik Mumbray,1999-10-11,,,
500,Darby's Rangers,Action|Drama|War,184,Dalenna Klagges,2017-09-12,,,
501,November,Drama|Mystery,149,Barbey Trail,2019-04-05,,,
502,Face of a Fugitive,Western,97,Lynnet Viney,1985-04-03,,,
503,Basquiat,Drama,201,Jeramie Cardozo,1993-05-17,,,
504,Time Code,Comedy|Drama,131,Lannie Pilmer,2017-01-19,,,
505,Company Man,Comedy,197,Karilynn Cartmale,1994-07-15,,,
506,"Poker Club, The",Crime|Drama|Thriller,98,Angelo Castard,2015-12-26,,,
507,Johnny Eager,Crime|Drama|Film-Noir|Romance,142,Gertrude Haddington,2008-01-01,,,
508,Waxworks (Das Wachsfigurenkabinett),Comedy|Drama|Romance|Thriller,171,Piper Eick,1987-06-25,,,
509,Petals on the Wind,Drama|Romance|Thriller,103,Sindee Jeffs,2009-09-18,,,
510,Shadows of a Hot Summer (Stíny horkého léta),Drama|Thriller,226,Billy Ghiroldi,1993-12-21,,,
511,Free Range (Ballaad maailma heakskiitmisest),Drama,147,Courtney Cuerdale,2014-10-17,,,
512,Happy-Go-Lucky,Comedy|Drama,122,Rudolf Yantsev,2019-10-27,,,
513,Shanghai Ghetto,Documentary,124,Kerk Archanbault,2009-08-23,,,
514,2010: Moby Dick,Action|Adventure|Thriller,219,Kattie Castan,2006-12-06,,,
515,Focus,Comedy|Crime|Drama|Romance,238,Stevena Burdytt,1983-06-25,,,
516,Shopping,Action|Thriller,229,Rogers Tonge,2007-10-13,,,
517,Bread and Chocolate (Pane e cioccolata),Comedy|Drama,202,Tabbi Kleiser,1986-10-20,,,
518,Raiders of the Lost Ark: The Adaptation,Action|Adventure|Thriller,101,Daisy Stocken,1983-04-05,,,
519,Eros,Drama,153,Edward Ronayne,2002-04-11,,,
520,Fallen Angel,Crime|Film-Noir|Mystery|Romance,204,Willow Blooman,1994-10-04,,,
521,My Life So Far,Drama,147,Daphna Kinig,2002-10-29,,,
522,Eight Miles High (Das wilde Leben),Drama,191,Corrine Coghlin,1986-03-20,,,
523,Enter the Ninja (a.k.a. Ninja I),Action|Drama,154,Lionel Bortol,2017-02-21,,,
524,Cosmic Journey,Sci-Fi,161,Lilian Girardot,2021-02-24,,,
525,How I Got Into College,Comedy|Romance,109,Selena Reisen,1992-10-10,,,
526,Morning for the Osone Family,(no genres listed),235,Almeria Tuxill,2020-11-15,,,
527,Circus of Horrors,Horror,106,Gill Perocci,2005-08-31,,,
528,American Graffiti,Comedy|Drama,196,Shani Tedman,1986-02-28,,,
529,Barking Dogs Never Bite (Flandersui gae),Comedy|Horror,224,Lamar Overbury,2016-09-22,,,
530,Love Serenade,Comedy,140,Netti Dryden,2001-04-19,,,
531,Relax... It's Just Sex,Comedy,151,Leland Reburn,1991-12-15,,,
532,Huhwihaji Anha (No Regret),Drama,146,Irving Hugonet,1993-10-22,,,
533,Sympathy for the Devil,Documentary|Musical,200,Rosemonde Birkmyr,2010-02-23,,,
534,By the Sword,Drama,151,Raquela Ruffle,2005-03-25,,,
535,Manderlay,Drama,170,Jefferey Munkton,1984-11-23,,,
536,Entity,Drama|Horror|Thriller,162,Fidel Sitch,2014-01-26,,,
537,Dancers,(no genres listed),226,Dolorita Allsepp,1990-09-25,,,
538,Find Love,Romance,124,Gypsy Boddy,2011-01-07,,,
539,Detention,Action|Drama|Thriller,199,Brennan Genders,2002-03-27,,,
540,Lenny,Drama,90,Hieronymus Romei,1994-07-17,,,
541,Man of Tai Chi,Action|IMAX,118,Shannon Hinchshaw,1985-05-12,,,
542,Save the Green Planet! (Jigureul jikyeora!),Comedy|Drama|Horror|Sci-Fi|Thriller,165,Sioux Giorgielli,1996-12-09,,,
543,Justice League: Doom ,Action|Animation|Fantasy,108,Archibald Sarchwell,2010-07-26,,,
544,Trishna,Drama,110,Godfry Russo,1985-11-07,,,
545,Drinking Buddies,Comedy|Drama|Romance,122,Giusto Daily,2023-05-24,,,
546,Ruby in Paradise,Drama,132,Othilia Aspole,1992-03-11,,,
547,On Borrowed Time,Comedy|Drama|Fantasy,128,Brook Greenaway,1992-02-21,,,
548,William Shakespeare's A Midsummer Night's Dream,Comedy|Fantasy,121,Normand Cawthra,2004-01-12,,,
549,"Visitor, The",Drama|Romance,117,Clerkclaude Lear,2019-11-04,,,
550,"Song of Sparrows, The (Avaze gonjeshk-ha)",Drama,154,Kellia Tewnion,1993-01-13,,,
551,Sparrow (a.k.a. Cultured Bird) (Man jeuk),Drama|Romance,238,Gwendolin Shilstone,2015-06-30,,,
552,"Rumor of Angels, A",Drama,107,Lanie Sandyfirth,2000-12-23,,,
553,Blackout (Contraband),Adventure|Romance,187,Josselyn Muffett,2002-02-13,,,
554,"Valley of Decision, The",Drama,136,Octavius Strover,2005-07-27,,,
555,No Holds Barred,Action,92,Fin Rantoull,1992-02-03,,,
556,Ringu (Ring),Horror|Mystery|Thriller,191,Northrop Rann,2009-12-22,,,
557,Confidential Agent,Drama|Thriller,218,Gwendolin McLay,1995-05-08,,,
558,War of the Dead - Stone's War ,Action|Adventure|Horror|Sci-Fi|Thriller|War,225,Aloin Josey,1990-11-04,,,
559,The Rebel,Action|Crime|Drama|Thriller,101,Quinton Abbotson,1982-11-22,,,
560,Alexander's Ragtime Band,Drama|Musical,199,Pennie Whiley,2020-05-04,,,
561,Somers Town,Drama,163,Oralee Gland,1982-01-13,,,
562,Dark Circles ,Horror,150,Grace Poli,2005-10-16,,,
563,Went the Day Well?,Thriller|War,118,Elysia Cullin,2019-11-12,,,
564,"Brotherhood of the Wolf (Pacte des loups, Le)",Action|Mystery|Thriller,111,Alli Lownie,1990-09-25,,,
565,Won't Anybody Listen?,Documentary,215,Maria Tremblet,1988-04-22,,,
566,Act of Violence,Drama|Film-Noir|Thriller,182,Mahalia Channing,2001-08-18,,,
567,Four Eyes and Six-Guns,Comedy|Western,167,Ashlin Delion,1980-11-17,,,
568,Taxi,Action|Comedy,236,Isa Belson,1990-08-10,,,
569,Chico & Rita,Animation|Musical|Romance,102,Janenna Pryn,2018-08-08,,,
570,Bye Bye Braverman,Comedy|Drama,112,Marney Domokos,1997-08-22,,,
571,Knight and Day,Action|Comedy|Thriller,106,Lillis Luffman,2008-02-08,,,
572,Wuthering Heights,Drama|Romance,119,Esra Bromet,2018-11-17,,,
573,Gate of Hell (Jigokumon),Drama|Romance,211,Zebadiah Mellenby,2020-02-02,,,
574,Allan Quatermain and the Lost City of Gold,Action|Adventure|Comedy,144,Jacinda Bouttell,2019-01-25,,,
575,Stella Does Tricks,Drama,221,Carolus Klessmann,2009-03-25,,,
576,"Forbidden Christ, The (Cristo proibito, Il)",Drama,91,Lorry Rawstorne,1995-08-29,,,
577,Wonderland,Crime|Drama|Mystery|Thriller,211,Eldredge Sterre,1989-09-14,,,
578,Blended,Comedy,232,Abey Giannasi,2009-04-09,,,
579,"Visit, The",Drama,161,Trent Nickoles,2012-09-10,,,
580,"Fast & Furious (Fast and the Furious 4, The)",Action|Crime|Drama|Thriller,204,Stanley Iowarch,1994-04-21,,,
581,"Fountain, The",Drama|Fantasy|Romance,130,Annie Basill,2016-12-10,,,
582,"Wog Boy, The",Comedy,100,Eloise Wallen,2018-12-04,,,
583,Warlock,Romance|Western,196,Teodor Dyton,1997-05-20,,,
584,Circles (Krugovi),Drama,206,Kristos Rodliff,2006-07-25,,,
585,"Loved Ones, The",Horror,102,Harbert Strauss,1986-09-08,,,
586,"Intruder, The (L'intrus)",Drama,196,Goldarina Duddan,2000-06-29,,,
587,Body of War,Documentary|War,157,Rozella Bruford,2011-03-07,,,
588,"Wedding Director, The (Il regista di matrimoni)",Drama|Mystery,106,Samuele Alpine,1986-07-08,,,
589,"Complete History of My Sexual Failures, A",Comedy|Documentary,229,Jessi South,1987-06-12,,,
590,Blue Gold: World Water Wars,Documentary,128,Dieter Sheivels,2016-09-22,,,
591,"Pyramid, The",Horror,143,Auberta Negal,2020-04-07,,,
592,Charlie St. Cloud,Drama|Fantasy|Romance,146,Zoe Joselevitz,1987-09-14,,,
593,Moon 44,Action|Film-Noir|Sci-Fi|Thriller,100,Trevar Pankethman,1996-05-10,,,
594,Decasia: The State of Decay,Documentary,122,Yoko Wheatman,1995-07-07,,,
595,Hotline,Documentary,148,Leslie McKeady,2008-11-05,,,
596,American Pie Presents: Band Camp (American Pie 4: Band Camp),Comedy,115,Reeba Inett,2014-04-02,,,
597,The .44 Specialist,Action,165,Estevan Rottgers,1987-11-17,,,
598,Epic,Adventure|Animation|Fantasy,179,Julee Cobley,1984-02-12,,,
599,RV,Adventure|Children|Comedy,113,Nev Pirson,2018-08-01,,,
600,"Glass Key, The",Crime|Drama|Film-Noir|Mystery,103,Ollie Hayer,2018-02-12,,,
601,Why Be Good?,Comedy|Romance,151,Brit McIlhone,1987-05-14,,,
602,Summer School,Comedy,153,Stearn Josefson,2020-08-11,,,
603,Please Vote for Me,Documentary,150,Nolie Elvish,1994-09-26,,,
604,"Abominable Snowman, The (Abominable Snowman of the Himalayas, The)",Horror|Sci-Fi,219,Cleveland O'Clery,2020-08-13,,,
605,Big Shots,Adventure|Children|Comedy,170,Allys Gettone,2008-05-14,,,
606,Step Up 3D,Drama|Romance,200,Ragnar Ough,1981-03-03,,,
607,Obvious Child,Comedy|Romance,216,Bernardina Rickersey,2007-01-01,,,
608,Dolphin Tale,Children|Drama,157,Charleen Hansley,1994-08-01,,,
609,Viper in the Fist,Drama,105,Terri Di Giacomettino,2001-09-07,,,
610,"Diebuster ""Top wo Narae 2""",Action|Animation|Drama|Sci-Fi,200,Kate Summerscales,1999-07-11,,,
611,Confessions of a Gangsta,Action,157,Tomi Bergeau,1985-09-07,,,
612,One on One,Drama,205,Winnifred Bogart,2016-07-08,,,
613,Dead Snow (Død snø),Action|Adventure|Comedy|Horror,121,Conchita Snooks,1992-05-03,,,
614,Dave,Comedy|Romance,214,Christean Ayre,2020-07-19,,,
615,The Loft,Thriller,173,Julissa Skeemor,1994-06-21,,,
616,When the Wind Blows,Animation|War,226,Anthiathia Linke,2013-10-22,,,
617,Urban Ghost Story,Drama,185,Hedwiga Lindemann,2002-10-05,,,
618,Leap Year (Año bisiesto),Drama,183,Celinka Budnk,2001-12-05,,,
619,Mr. Denning Drives North,Crime|Drama|Mystery,185,Cirstoforo Finessy,1982-04-24,,,
620,Blue Is the Warmest Color (La vie d'Adèle),Drama|Romance,225,Dosi Formie,2022-03-19,,,
621,Rio,Adventure|Animation|Children|Comedy,196,Waldemar Howse,2018-02-01,,,
622,I Got Next,Documentary,129,Adan Witz,2012-10-16,,,
623,Defying Gravity,Drama,226,Frederick Ollarenshaw,1995-01-11,,,
624,Hostage,Action|Crime|Drama|Thriller,186,Nana Hayen,1991-10-06,,,
625,I Got Next,Documentary,160,Thorn Hassen,2000-06-16,,,
626,Colt 38 Special Squad,Action|Crime|Drama|Thriller,225,Winthrop O'Sullivan,2014-09-05,,,
627,Where the Money Is,Comedy|Drama,197,Korella Davidsen,2002-08-11,,,
628,Life for Sale (Kotirauha),Drama,175,Corly Horsell,2001-03-04,,,
629,"Nutcracker, The",Children|Fantasy|Musical,150,Ibbie Mounsie,2005-10-14,,,
630,"Wooden Bridge, The",Drama|Romance,195,Saw Steedman,2006-06-25,,,
631,S.F.W.,Drama,148,Tedra Humes,2021-08-12,,,
632,Neighbors,Comedy,102,Madella Laughlin,2008-06-25,,,
633,Air Raid Wardens,Children|Comedy,113,Charlie Fochs,2005-04-09,,,
634,"Love Trap, The",Comedy|Romance,148,Felicity Sperring,2016-05-20,,,
635,"Täältä tullaan, elämä!",Drama|Romance,121,Duffie Buckler,1982-05-15,,,
636,Son of Frankenstein,Horror,122,Violetta Pedreschi,2014-05-27,,,
637,Opposing Force,(no genres listed),138,Celesta Buard,1999-11-26,,,
638,Brokedown Palace,Drama,204,Elna Suermeier,1992-10-25,,,
639,Soldier in the Rain,Comedy|Drama,192,Gib Fragino,1997-11-01,,,
640,"Den tatuerade änkan (Tattooed Widow, The) ",Comedy|Drama|Romance,100,Claudette Burris,1983-10-22,,,
641,Frogs,Drama|Horror|Mystery|Thriller,113,Esra Debill,2016-08-31,,,
642,"Night in Old Mexico, A",Drama|Western,211,Lorianne Dallaway,2021-07-29,,,
643,The Diary of an Unknown Soldier,War,195,Luciano Aglione,2010-07-26,,,
644,Spring Breakers,Comedy|Crime|Drama,180,Koralle Iglesia,2003-05-23,,,
645,Dave Attell: Captain Miserable,Comedy,149,Merci Clara,2003-04-04,,,
646,Red Tails,Action|Adventure|Drama|War,191,Alberta Spickett,2011-04-08,,,
647,Things Change,Comedy,208,Charlton Eskrick,2000-08-29,,,
648,"Messenger, The",Drama|Romance|War,147,Noni Varker,2011-04-25,,,
649,Love Me Tonight,Comedy|Musical,111,Celina Grant,2009-01-26,,,
650,Diaries Notes and Sketches (Walden),Documentary,120,Amelie Rean,1983-11-26,,,
651,Hook,Adventure|Comedy|Fantasy,153,Cristina Cuncarr,2010-06-11,,,
652,Springfield Rifle,Action|War|Western,193,Rani Cappell,2020-08-16,,,
653,Citizen X,Crime|Drama|Thriller,225,Sher McGookin,2005-03-14,,,
654,Little Shop of Horrors,Comedy|Horror|Musical,132,Cahra Larkings,2022-09-14,,,
655,Dr. Wai in the Scriptures with No Words (Mao xian wang),Action,212,Hillery Safont,2018-11-01,,,
656,Fear and Loathing in Las Vegas,Adventure|Comedy|Drama,179,Violante Taffee,2010-09-17,,,
657,The Rebel,Action|Crime|Drama|Thriller,240,Blondie Moneypenny,1998-09-21,,,
658,"Year of Living Vicariously, The",Documentary,144,Sigfried Daffey,1990-11-05,,,
659,Fear of a Black Hat,Comedy,110,Merrily Di Giacomettino,1998-07-26,,,
660,Stoker,Drama|Mystery|Thriller,216,Burk Ibanez,1999-01-10,,,
661,Deadline at Dawn,Film-Noir|Mystery|Romance|Thriller,233,Jami Van Weedenburg,1999-03-02,,,
662,Inspector Gadget,Action|Adventure|Children|Comedy,153,Vite Duker,2016-07-27,,,
663,"Left Hand of God, The",Drama,140,Yvette Clilverd,2002-08-01,,,
664,Outrageous Fortune,Comedy|Mystery,107,Tatiana Golborne,1985-06-29,,,
665,In July (Im Juli),Comedy|Romance,209,Caresse Weekes,2000-09-06,,,
666,Another Year,Drama,162,Melita Bohin,1998-08-21,,,
667,Feiern,Documentary,199,Octavius Sikora,1984-05-09,,,
668,Brother's Keeper,Documentary,198,Rabbi Puttergill,2006-03-01,,,
669,Sauna,Horror|Mystery,153,Algernon Woloschin,2007-09-30,,,
670,Asfour Stah,Drama,140,Feodora Withnall,2017-09-12,,,
671,"Bang Bang Club, The",Drama,100,Nicki Dunlea,1993-08-18,,,
672,Clear History,Comedy,136,Constantia Callf,2014-01-31,,,
673,Rush,Action|Drama,195,Vonnie Enefer,1997-10-21,,,
674,My Dear Enemy (Meotjin haru),Drama|Romance,136,Dyan Constant,2013-12-29,,,
675,6 Desires: DH Lawrence and Sardinia,Documentary,187,Monique Cardenosa,1989-06-17,,,
676,"Trip, The",Drama,111,Crissy Earry,2005-03-23,,,
677,"Trial of Joan of Arc, The (Procès de Jeanne d'Arc)",Drama|War,144,Elfrieda Norrey,1987-08-14,,,
678,Candy,Drama|Romance,110,Timothy Bogace,1999-05-14,,,
679,Source Code,Action|Drama|Mystery|Sci-Fi|Thriller,196,Gelya Jerome,2019-09-01,,,
680,August,Drama,132,Norrie Roskruge,1992-05-26,,,
681,Advise and Consent,Drama,235,Juliana Delf,2003-08-23,,,
682,As it is in Heaven (Så som i himmelen),Drama|Musical|Romance,227,Court Beddall,1992-05-23,,,
683,"Eila, Rampe and Likka",Comedy,224,Cherry Haysham,1984-11-07,,,
684,Rio Sex Comedy,Comedy|Drama,152,Dougy Sentinella,1987-07-28,,,
685,The Mystery of the Leaping Fish,Comedy,126,Elwood Germain,2001-04-13,,,
686,English Vinglish,Comedy|Drama,184,Brook Gogan,2002-08-19,,,
687,"Shaolin Temple, The (Shao Lin Si)",Action,180,Sapphire Ofield,1984-01-10,,,
688,Breakin',Drama|Musical,105,Greta Hutable,1980-11-12,,,
689,P2,Horror|Thriller,197,Keri Weller,1997-05-06,,,
690,"Flintstones, The",Children|Comedy|Fantasy,135,Tanya Partkya,1990-11-01,,,
691,Scream 4,Comedy|Horror|Mystery|Thriller,138,Edita Waddicor,1990-08-08,,,
692,"Colour of Magic, The (Terry Pratchett's The Colour of Magic)",Adventure|Comedy|Fantasy,105,Hershel Pinks,2018-05-18,,,
693,Holiday for Drumsticks,(no genres listed),98,Maximo Jenteau,1990-06-15,,,
694,Washington Square,Drama,138,Jourdain Jahan,1998-07-03,,,
695,Big Pun: The Legacy,Documentary,197,Sigvard Hitzke,2007-04-24,,,
696,"Joke, The (Zert)",Drama,220,Devora Boynes,2013-09-21,,,
697,It Started in Naples,Comedy|Drama,134,Bastien Rearie,1998-09-12,,,
698,Pharaoh's Curse,Horror,161,Odille Kiezler,1982-06-18,,,
699,Rosencrantz and Guildenstern Are Dead,Comedy|Drama,167,Yuma Pole,2021-07-10,,,
700,Best of the Best 3: No Turning Back,Action,217,Jessica Gudger,1996-01-25,,,
701,"Disappeared, The",Horror,219,Lanie O'Harney,1986-11-28,,,
702,Into the White (Cross of Honour),Action|Drama|War,101,Shelley Copson,2021-08-26,,,
703,"Teacher, A",Drama,130,Waneta Lindenbaum,2012-01-19,,,
704,"Invisible Circus, The",Drama|Romance,157,Noni Borrel,2006-09-30,,,
705,"Fly, The (Légy, A)",Animation|Comedy,224,Krista Adamovicz,2007-04-04,,,
706,Stardom,Comedy|Drama,164,Jenda Baughen,2003-07-03,,,
707,Scary Movie 4,Comedy|Horror,189,Charlton Dowse,2017-05-14,,,
708,"Nameless, The (Los sin nombre)",Drama|Horror|Mystery,174,Lavinia Spilsted,1982-10-29,,,
709,Samurai Spy (Ibun Sarutobi Sasuke),Action|Drama,210,Nevile Antrum,1989-03-29,,,
710,Please Remove Your Shoes ,Documentary,131,Christopher Hurn,2016-10-18,,,
711,Charlie Chan in Egypt,Mystery,236,Yetty Causier,1982-04-07,,,
712,American Son,Drama|Romance|War,209,Bastian Rolinson,2010-04-06,,,
713,"Limits of Control, The",Crime|Drama|Film-Noir,200,Beverly Allott,2001-11-11,,,
714,"Thin Blue Line, The",Documentary,114,Greer Suthworth,1999-01-27,,,
715,Since Otar Left (Depuis qu'Otar est parti...),Drama,94,Rory Robers,2015-02-26,,,
716,Ned Kelly,Action|Crime|Western,230,Flin Goldwater,1998-03-03,,,
717,Dans la peau d'une grande,Comedy,143,Dicky Palfreyman,1995-03-26,,,
718,"Stepdaughter, The",Horror|Thriller,231,Charmian Chapman,1996-03-05,,,
719,Dirty Deeds,Action|Comedy|Crime,168,Raff Wintringham,2009-09-27,,,
720,Prodigal Sons,Documentary,200,Paige Cranke,1992-08-05,,,
721,Gitmo,Documentary,165,Beilul Insull,1984-01-23,,,
722,Reel Injun,Documentary,214,Trip Strugnell,2018-09-05,,,
723,"Anniversary Party, The",Drama,222,Clo Castelletti,2008-05-26,,,
724,Big Business,Comedy,171,Babita Kleinpeltz,1995-08-03,,,
725,I Am Bruce Lee,Documentary,123,Dillon Enriques,1998-04-20,,,
726,Skipped Parts,Drama|Romance,108,Marketa Blinde,1984-04-10,,,
727,Latin Music USA,Documentary|Musical,197,Linet Burrow,2010-10-02,,,
728,Heimat - A Chronicle of Germany (Heimat - Eine deutsche Chronik),Drama,151,Berkeley Kloss,1991-08-28,,,
729,"Thousand Acres, A",Drama,214,Claresta Foote,2019-08-26,,,
730,1941,Comedy|War,115,Cammy Rees,2008-07-05,,,
731,"Act of Killing, The",Documentary,143,Lilian Denness,2014-06-08,,,
732,"Collector, The",Drama|Horror|Thriller,210,Amalita Fellis,1999-05-10,,,
733,Crips and Bloods: Made in America,Documentary,192,Sidonia Meijer,1999-05-15,,,
734,Achilles and the Tortoise (Akiresu to kame),Comedy,182,Mic Roffey,1991-02-11,,,
735,Deception,Action,160,Hulda Bateman,2022-11-30,,,
736,Doctor at Large,Comedy|Romance,197,Sibylle Pinchbeck,2006-10-04,,,
737,Miss You Can Do It,Documentary,94,Laurens Dyment,2002-11-20,,,
738,Repeaters ,Action|Drama,239,Raimundo Westman,1992-10-02,,,
739,De la servitude moderne,Documentary,183,Abner Gauden,2017-09-10,,,
740,"Stockholm, Pennsylvania",Drama|Thriller,236,Garfield Andreuzzi,1993-03-25,,,
741,Why Me?,Action|Adventure|Comedy|Crime,161,Sabrina Lampl,1984-12-03,,,
742,"Hello, Dolly!",Comedy|Musical|Romance,146,Aurie Gall,2005-10-03,,,
743,"Russian Specialist, The (Mechanik, The)",Action|Drama|Thriller,237,Alexandrina Klaesson,1996-04-08,,,
744,"Task, The",Horror,102,Hobard Harraway,2020-02-19,,,
745,Pat and Mike,Comedy|Romance,100,Nickolas Gamett,2002-02-22,,,
746,Block-Heads,Comedy|War,122,Gwynne Eburne,2006-05-24,,,
747,Ski School,Comedy,120,Junina Bugg,1996-06-13,,,
748,"Faculty, The",Horror|Sci-Fi,153,Odetta Huntress,1994-06-10,,,
749,"Girl Said No, The",Comedy|Romance,204,Luce Eustace,2003-07-14,,,
750,Only Daughter,Drama,175,Gabrielle Belfitt,2003-02-08,,,
751,Deathtrap,Comedy|Crime|Mystery|Thriller,194,Karyn Anglin,2020-10-09,,,
752,Enquiring Minds: The Untold Story of the Man Behind the National Enquirer,Documentary,235,Thalia Kidgell,2007-04-03,,,
753,Ambush Trail,Action|Western,150,Valida Measom,2021-07-20,,,
754,Edvard Munch,Drama,131,Joanna MacCome,2008-03-17,,,
755,"Companeros (Vamos a matar, compañeros)",Comedy|Western,236,Brady Lage,2016-04-14,,,
756,Seven Brides for Seven Brothers,Comedy|Musical|Romance|Western,193,Laverne Mickan,1981-05-19,,,
757,"Cloud-Capped Star, The (Meghe Dhaka Tara)",Drama,188,Barby Taylo,1983-07-13,,,
758,Another Year,Drama,166,Ginelle Barnewall,1986-07-09,,,
759,There Goes My Heart,Comedy|Romance,146,Danni Mobberley,2007-11-17,,,
760,1066,Action|Adventure|War,228,Timothy Cresar,1988-05-25,,,
761,"Girl Cut in Two, The (Fille coupée en deux, La)",Drama|Thriller,232,Millie O'Connor,1981-10-14,,,
762,Peculiarities of the National Hunt (Osobennosti natsionalnoy okhoty) ,Comedy,97,Salaidh Farlowe,1980-12-07,,,
763,Breakfast of Champions,Comedy|Sci-Fi,175,Jaime Bairnsfather,2018-05-13,,,
764,Comme un chef,Comedy,209,Ardene Haliburton,2023-09-17,,,
765,3 Ninjas Kick Back,Action|Children|Comedy,203,Dorian Hurdle,2002-01-13,,,
766,Perfect Stranger,Crime|Drama|Mystery|Thriller,122,Tallou Clements,1985-04-14,,,
767,Colour Me Kubrick: A True...ish Story,Comedy|Drama,210,Vita Yeld,2016-04-02,,,
768,"Year of Living Dangerously, The",Drama|Romance|War,92,Tobin Tellesson,2013-05-11,,,
769,"Secret of Moonacre, The",Adventure|Fantasy|Romance,212,Ronni Ludron,2017-05-31,,,
770,Christmas at Pee Wee's Playhouse (a.k.a. Pee-Wee's Playhouse Christmas Special),Children|Comedy|Musical,193,Bartlett Annakin,1997-03-01,,,
771,Turbulence,Action|Thriller,147,Randee Duffill,2012-12-25,,,
772,Rock-A-Doodle,Adventure|Animation|Children|Musical,190,Silvana Peto,1981-06-10,,,
773,Blood Work,Crime|Drama|Mystery|Thriller,155,Doralynne Walder,2016-11-05,,,
774,Oki's Movie (Ok-hui-ui yeonghwa),Comedy|Drama,151,Paulo Dellatorre,2002-08-28,,,
775,Cousins,Comedy|Romance,90,Franciskus Fewings,2004-01-10,,,
776,The Legend of Awesomest Maximus,Action|Comedy,135,Dev Clemenzo,2016-08-08,,,
777,Samaritan Zatoichi (Zatôichi kenka-daiko) (Zatôichi 19),Action|Adventure|Drama,214,Cristina Lyburn,2011-02-09,,,
778,"Bounty Hunter, The",Action|Comedy|Romance,220,Moselle Filyushkin,1993-06-12,,,
779,Sex Positive,Documentary,211,Tim Rolse,1983-03-06,,,
780,Lady Jane,Drama|Romance,156,Marjie MacGinney,2023-03-16,,,
781,Unknown,Drama|Mystery|Thriller,200,Emma O'Neal,2021-03-31,,,
782,La montaña rusa,Comedy|Romance,121,Lynsey Lazonby,1993-09-28,,,
783,"Human Factor, The",Drama|Thriller,159,Budd Junkison,2002-01-02,,,
784,"World Without Thieves, A (Tian xia wu zei)",Action|Crime|Drama,194,Westbrooke Dollar,2005-01-27,,,
785,"Secret Policeman's Other Ball, The",Comedy|Documentary|Musical,204,Lilah Lerwell,1985-02-23,,,
786,Ghost Rider,Action|Fantasy|Thriller,192,Hulda Ohanessian,1997-11-04,,,
787,"Brice Man, The (Brice de Nice)",Comedy,172,Roxy Avramow,2007-12-18,,,
788,John Carter,Action|Adventure|Sci-Fi|IMAX,210,Annabell Cypler,1991-06-04,,,
789,Murderball,Documentary,132,Latisha Utley,1994-11-07,,,
790,Extreme Days,Action|Adventure|Comedy|Drama,152,Carlynn Blazewski,2006-06-02,,,
791,Nebraska,Adventure|Drama,193,Mei Munks,1986-02-03,,,
792,"Man for All Seasons, A",Drama,224,Minerva Gellibrand,2014-07-20,,,
793,One Hour with You,Comedy|Musical|Romance,91,Gabriell Birkbeck,1999-01-10,,,
794,Blood Diamond,Action|Adventure|Crime|Drama|Thriller|War,186,Lindsay Simons,2023-03-14,,,
795,Loaded,Drama|Thriller,103,Jeanie Simmig,1984-12-16,,,
796,Dolan's Cadillac,Crime|Thriller,215,Konstantin Ashbey,1996-07-13,,,
797,Unlawful Entry,Crime|Thriller,102,Dari Beceril,1991-07-31,,,
798,Family Guy Presents: Blue Harvest,Animation|Comedy,132,Joela Vamplers,1982-12-06,,,
799,In the Mirror of Maya Deren (Im Spiegel der Maya Deren),Documentary,134,Kerr Whitchurch,2010-06-27,,,
800,Seven Chances,Comedy,238,Jamie MacInnes,1995-06-01,,,
801,What Price Hollywood?,Drama,228,Jerome Medmore,2017-06-24,,,
802,"Oh, God!",Comedy|Fantasy,136,Schuyler Charlick,1984-07-25,,,
803,Quod erat demonstrandum,Drama,197,Yankee Baudichon,2002-01-03,,,
804,Airport 1975,Action|Drama|Thriller,202,Carmela Corkett,2021-03-13,,,
805,Pull My Daisy,Comedy|Drama,92,Mommy Bland,2007-09-01,,,
806,Coming Home (Gui lai),Drama,204,Salvatore Slane,2002-01-08,,,
807,Switchback,Crime|Mystery|Thriller,132,Grazia Kunneke,2017-11-02,,,
808,Lorna's Silence (Le silence de Lorna),Drama,152,Florentia Petett,1983-10-13,,,
809,"Man Who Knew Too Much, The",Adventure|Drama|Mystery|Thriller,107,Riccardo Tibbles,2004-05-20,,,
810,Playground,(no genres listed),232,Alley Acock,1993-03-19,,,
811,Autopsy,Horror,215,Abran Jewkes,2008-03-04,,,
812,Southland Tales,Comedy|Drama|Sci-Fi|Thriller,159,Crawford Crumbleholme,2023-05-04,,,
813,Never Back Down,Action,155,Datha Scholte,2018-05-19,,,
814,If These Walls Could Talk,Drama,190,Jewel Picard,1988-10-02,,,
815,Underground,Comedy|Drama|War,236,Borg Trask,2020-08-28,,,
816,Mondo Trasho,Comedy,213,Sydelle Vallis,2000-12-23,,,
817,Planet of the Vampires (Terrore nello spazio),Horror|Sci-Fi,172,Hali Cunney,1984-03-22,,,
818,"Mummy, The",Horror|Romance,116,Noni Rappa,1994-09-16,,,
819,"You, the Living (Du levande)",Comedy|Drama|Musical,217,Windy Foucher,2011-03-06,,,
820,Child Bride,Drama,196,Clarey Brownsill,1985-03-24,,,
821,"Wrong Box, The",Comedy,140,Job Crennan,2015-09-17,,,
822,Blackball,Comedy|Drama,179,Hakeem Blaby,2005-11-30,,,
823,The Snow White Murder Case,Drama|Mystery,216,Mario Bretherton,2009-02-12,,,
824,Phenomenon,Drama|Romance,210,Gregoor Joselin,1988-03-30,,,
825,Watch the Birdie,Comedy|Crime|Romance,156,Tessa Ouchterlony,2012-01-21,,,
826,Heaven Is for Real,Drama,92,Wendall Norbury,2007-01-20,,,
827,Ten Canoes,Adventure|Comedy|Drama|War,166,Hunfredo Greenway,2013-10-20,,,
828,Changing Lanes,Drama|Thriller,240,Kaile Argo,1987-07-05,,,
829,"Man, Woman and the Wall (Kikareta onna no mirareta yoru)",Drama|Romance|Thriller,213,Hayden Hourston,2023-08-13,,,
830,Brighton Rock,Crime|Drama|Film-Noir,97,Norma Dory,1992-05-24,,,
831,Fever Pitch,Comedy|Romance,203,Jordan Lissett,2020-11-21,,,
832,Far from the Madding Crowd,Drama|Romance,209,Andonis Walsham,2018-06-26,,,
833,Masterminds,Action|Comedy|Thriller,160,Goldia Pietersen,2016-09-08,,,
834,He Ran All the Way,Crime|Drama|Film-Noir,232,Honor Halle,1983-03-21,,,
835,Blood and Wine (Blood & Wine),Crime|Drama|Thriller,223,Walden Sivess,2020-06-04,,,
836,"Lost Thing, The",Animation|Drama|Fantasy,180,Charmaine Howood,2006-08-30,,,
837,Manhattan Baby,Horror,106,Marketa Sherrett,1986-05-01,,,
838,Bitch Hug (Bitchkram),Drama,113,Rancell Etherson,1984-05-29,,,
839,Inkheart,Adventure|Fantasy,179,Karia Trevenu,2006-09-06,,,
840,Death Note 2: The Last Name,Adventure|Crime|Drama,158,Gallagher Hawkyens,2004-10-25,,,
841,Strawberry and Chocolate (Fresa y chocolate),Drama,167,Elvyn Whittet,1986-09-25,,,
842,"Dark Side of the Heart, The (Lado oscuro del corazón, El)",Comedy|Drama|Romance,195,Federica Fourcade,1985-05-02,,,
843,"Woman on the Beach, The",Drama|Film-Noir|Romance,96,Danna Arthur,1991-03-04,,,
844,Family Tree,Drama,240,Kitti Karp,2023-07-21,,,
845,Heavy Weather,Comedy,158,Baillie Combe,2013-08-28,,,
846,Madame Rosa (La vie devant soi),Drama,139,Berti Torres,1991-09-03,,,
847,Behind Enemy Lines II: Axis of Evil,Action|Thriller|War,236,Hanson Corder,1993-02-25,,,
848,Black Dog,Action|Thriller,212,Carny Goodridge,2016-09-26,,,
849,Trapeze,Drama,167,Koral Wogan,1999-10-18,,,
850,Nas: Time Is Illmatic,Documentary,188,Marlin Sedgwick,1981-05-26,,,
851,Sugar Town,Comedy,159,Zacharias Morsley,1982-06-03,,,
852,Place Vendôme,Crime|Drama,214,Banky Dodswell,1985-11-11,,,
853,15 Minutes,Thriller,122,Kelila Costock,2007-10-08,,,
854,"Double Life of Veronique, The (Double Vie de Véronique, La)",Drama|Fantasy|Romance,212,Tabby Rampage,1998-06-15,,,
855,Siblings,Comedy,223,Vaughn Struan,2006-12-10,,,
856,"Short Film About John Bolton, A",Fantasy|Horror|Mystery,179,Giff Stearley,1990-08-21,,,
857,"Libertine, The",Drama,199,Lorette Leinweber,1981-06-11,,,
858,"Place Beyond the Pines, The",Crime|Drama,163,Grazia Clynman,1986-05-04,,,
859,The Violent Kind,Horror,191,Evangeline Pocklington,2008-08-08,,,
860,Cobra,Action|Crime,112,Debby Craisford,1993-09-18,,,
861,Evil (Ondskan),Drama,98,Emma Dale,1998-05-19,,,
862,"Wildcat, The (Die Bergkatze)",Comedy|Drama|Romance,161,Agustin Ledur,1996-08-12,,,
863,"Spaghetti West, The",Documentary,129,Cal McSaul,1996-07-05,,,
864,C.S.A.: The Confederate States of America,Comedy|Drama,227,Alyce Slocomb,1996-11-13,,,
865,"Couch in New York, A",Comedy|Drama|Romance,205,Raquel Buggs,2019-09-13,,,
866,Km. 0 - Kilometer Zero (Kilómetro cero),Comedy|Drama,178,Cchaddie Thompsett,1996-04-09,,,
867,Summer School,Horror,123,Jabez Semper,2007-01-29,,,
868,Ping Pong Playa,Comedy,201,Carl Camell,1998-06-27,,,
869,"Straight Story, The",Adventure|Drama,235,Heidie Anster,2001-08-28,,,
870,Redacted,Action|Crime|Drama|War,159,Babs Revely,2021-09-21,,,
871,"Barretts of Wimpole Street, The (a.k.a. Forbidden Alliance)",Drama|Romance,208,Kane Mahmood,2005-03-31,,,
872,At Land,(no genres listed),128,Lotti Shalloo,1995-02-06,,,
873,Damned the Day I Met You,Comedy,171,Aland Stockoe,2004-10-13,,,
874,True Heart Susie,Drama|Romance,200,Carroll Moyles,1991-01-26,,,
875,Two-Minute Warning,Drama|Thriller,216,Janie Huxley,1980-11-14,,,
876,Blade,Action|Horror|Thriller,201,Korella Dhenin,1986-06-28,,,
877,Kivski Freski,Drama,102,Waneta Watkinson,2020-02-03,,,
878,Children Who Chase Lost Voices from Deep Below (Hoshi o ou kodomo) (Journey to Agartha),Animation|Drama|Fantasy,107,Dasi Kirrens,1996-11-19,,,
879,Shakespeare High,Documentary,235,Sher Pettigree,1987-02-19,,,
880,Putzel,Comedy|Romance,220,Maire Gillison,1984-12-19,,,
881,Jayne Mansfield's Car,Drama,148,Brigg Powe,2011-02-27,,,
882,Whisper of Sin (Nuodemes uzkalbejimas),Drama,165,Basilio Eat,2004-06-01,,,
883,Blindsight,Adventure|Documentary,129,Wood Harvard,2010-04-24,,,
884,"Postman Always Rings Twice, The",Crime|Thriller,135,Marissa Traynor,1983-12-30,,,
885,Winged Creatures (Fragments),Crime|Drama,225,Kyla Stranger,2004-10-23,,,
886,Ju-on: Black Ghost,Horror,174,Alexina Stout,2012-06-19,,,
887,"Kiss for Corliss, A (Almost a Bride)",Comedy,240,Dewie Leggett,1981-12-30,,,
888,Second Best,Drama,133,Nikola Eskrigge,2018-05-06,,,
889,Ash Wednesday,Crime|Drama,222,Ximenez Rottenbury,1988-05-30,,,
890,Bye-Bye,Drama,138,Bud Sandys,2018-07-19,,,
891,Stuck on You,Comedy,115,Lesya Stokey,2010-02-28,,,
892,'Hellboy': The Seeds of Creation,Action|Adventure|Comedy|Documentary|Fantasy,90,Timmy Hess,1984-06-27,,,
893,Wanted,Action|Thriller,122,Hurley Hambright,2018-04-12,,,
894,Bite the Bullet,Action|Adventure|Western,115,Ev Lindores,1988-12-17,,,
895,"Romantic Englishwoman, The",Comedy|Drama,96,Zulema Olivazzi,2009-02-09,,,
896,Bad Ass,Action|Crime|Drama,143,Sybilla Banane,2001-10-14,,,
897,My Way to Olympia (Mein Weg nach Olympia),Documentary,128,Isahella Brennan,2009-10-19,,,
898,Transformers: Revenge of the Fallen,Action|Adventure|Sci-Fi|IMAX,201,Pamela Thunnercliff,1995-04-16,,,
899,Locked Out (Enfermés dehors),Comedy,196,Theadora Hambidge,2007-01-07,,,
900,Dead on Time,Comedy|Drama|Romance,129,Vanni Burgill,2003-05-29,,,
901,Invaders from Mars,Sci-Fi,118,Bink Attride,1993-08-08,,,
902,Dolls,Horror,121,Vina Beddall,2001-03-17,,,
903,The Man in the Orange Jacket,Horror|Mystery|Thriller,199,Adorne Sutherley,2015-12-15,,,
904,Randy Rides Alone,Western,240,Laurent Gingles,2021-10-12,,,
905,Departures (Okuribito),Drama,115,Hulda Randals,2022-11-21,,,
906,Valkyrie,Drama|Thriller|War,186,Danya Hawick,1985-11-20,,,
907,Sasha (Sascha),Comedy|Drama,138,Nyssa Buxsy,2015-08-15,,,
908,"Steamboat Bill, Jr.",Comedy|Romance,214,Madeleine Harken,1996-11-16,,,
909,Class Action,Drama,99,Trudi Miles,2020-10-21,,,
910,Undefeatable,Action,146,Leonidas Govern,2019-09-30,,,
911,Brother's War,War,152,Dory Quixley,1987-07-27,,,
912,"Spy Who Came in from the Cold, The",Drama|Thriller,141,Ardene Chapling,2004-10-01,,,
913,ABC Africa,Documentary,135,Alanson Goodram,2011-07-24,,,
914,Bye-Bye Bin Laden,Animation|Comedy,198,Livy Denford,1988-01-11,,,
915,"Place of One's Own, A",Drama|Mystery|Thriller,140,Ariela Elias,1981-11-30,,,
916,"Beginner's Guide to Endings, A",Comedy|Drama,97,Elfie Peto,2016-12-13,,,
917,Brown Sugar,Romance,213,Teddy Krikorian,2005-08-18,,,
918,V2: Dead Angel (Vares 2 - Jäätynyt Enkeli),Action|Comedy|Crime,217,Ronna Jannex,2020-06-08,,,
919,The Night Evelyn Came Out of the Grave,Horror|Mystery,136,Jenine Futter,1988-12-30,,,
920,Late Bloomers,Comedy,178,Ferguson Chezelle,1988-12-19,,,
921,Uncle Sam,Horror,175,Jacobo Bennellick,1985-03-22,,,
922,Alien Hunter,Action|Sci-Fi|Thriller,114,Darya Bolter,1986-07-28,,,
923,Future by Design,Documentary|Sci-Fi,91,Britte Streather,1982-10-19,,,
924,Mondo Trasho,Comedy,176,Burnaby Lewsey,2010-08-11,,,
925,Gerhard Richter Painting,Documentary,113,Rollie Corteis,1999-03-07,,,
926,Johnny Tremain,Adventure|Children|War,239,Kennett Mattheus,2022-11-13,,,
927,"Best Little Whorehouse in Texas, The",Comedy|Drama|Musical|Romance,188,Anne-marie Josephy,2013-09-07,,,
928,Zandalee,Drama|Thriller,111,Ettie Duhig,1996-06-25,,,
929,Mina Tannenbaum,Drama,215,Patrizia Beelby,2015-09-08,,,
930,Miss You Can Do It,Documentary,116,Melina Sinnott,1999-11-29,,,
931,Silence (Chinmoku),Drama,202,Eal Lakeman,1997-10-14,,,
932,Much Ado About Nothing,Comedy|Romance,237,Archaimbaud Barritt,2006-01-10,,,
933,One Day,Drama|Romance,179,Burgess Dudgeon,2003-09-16,,,
934,Good Will Hunting,Drama|Romance,180,Chan McGrah,2007-05-21,,,
935,Rio Rita,Comedy|Musical|Romance,221,Harrie Smale,1983-03-11,,,
936,"Drop, The",Crime|Drama|Thriller,101,Skipp Saunt,1983-08-18,,,
937,"Monkey in Winter, A (Un singe en hiver)",Comedy|Drama,224,Candace Metts,2001-07-08,,,
938,Rollercoaster,Drama|Thriller,213,Elmo Fisby,2008-01-21,,,
939,Mission: Impossible III,Action|Adventure|Thriller,191,Holly Rodell,2013-02-15,,,
940,Nightbreed,Fantasy|Horror,150,Leonardo Prinn,1993-09-11,,,
941,Snow White and the Huntsman,Action|Adventure|Drama,151,Norean Style,1991-01-21,,,
942,Stromboli,Drama,140,Guthrey Fallow,2021-01-15,,,
943,The Voices,Comedy|Crime|Thriller,194,Brenda Longmire,2003-04-28,,,
944,"Strategy of the Snail, The (Estrategia del Caracol, La)",Comedy|Drama,130,Lezley Mougel,2010-09-26,,,
945,"Killers, The",Action|Crime|Drama|Film-Noir|Thriller,192,Bernette Haskur,2004-11-27,,,
946,Crimson Gold (Talaye sorgh),Drama,220,Somerset Croxford,1996-09-03,,,
947,Blue Valentine,Drama|Romance,222,Kendell Glencros,2007-11-05,,,
948,Glory Daze,Drama,222,Dotti Fidler,2020-11-12,,,
949,A Magnificent Haunting,Drama,113,Nadya Vanyushkin,1998-03-01,,,
950,Ascension,Drama|Sci-Fi,134,Darrin Egalton,2002-03-09,,,
951,Nemesis 3: Time Lapse,Action|Sci-Fi|Thriller,201,Aili MacPharlain,2021-09-22,,,
952,I Spit on Your Grave 2 ,Crime|Horror|Thriller,148,Maximilien Ebbles,2023-04-25,,,
953,End of Suburbia: Oil Depletion and the Collapse of the American Dream,Documentary,209,Johnnie Rouse,1981-04-09,,,
954,Retrogade,Action|Adventure|Sci-Fi,210,Rayshell McCready,2015-11-27,,,
955,Snowriders,Documentary,174,Robinson Iannazzi,1989-04-18,,,
956,"Prodigal Son, The (Tuhlaajapoika)",Thriller,151,Caz Melby,2022-11-18,,,
957,Captains of the Clouds,Action|Drama|War,205,Saul Faulkener,2007-06-19,,,
958,G.I. Joe: Operation Dragonfire,Action|Animation,158,Blancha Rigate,1991-08-20,,,
959,Captain America,Action|Fantasy|Sci-Fi|Thriller|War,161,Dorotea Harlett,1988-06-29,,,
960,Kamchatka,Drama,170,Roxie Aldred,1986-05-10,,,
961,Poltergeist II: The Other Side,Horror|Thriller,152,Arty Milne,2009-07-18,,,
962,Predestination,Sci-Fi|Thriller,232,Nelly Crayke,2022-03-06,,,
963,Deathstalker,Action|Adventure|Fantasy,106,Florinda Hanmore,2002-08-29,,,
964,Fire and Ice,Animation|Fantasy,159,Doro Josselson,1991-10-29,,,
965,From Russia with Love,Action|Adventure|Thriller,126,Amalle Tunstall,1992-02-17,,,
966,"Lord of the Rings: The Fellowship of the Ring, The",Adventure|Fantasy,218,Fabe Mearns,2002-11-08,,,
967,Girl 27,Documentary,94,Darby Blayney,1981-06-10,,,
968,Wild Tales,Comedy|Drama|Thriller,107,Kassia Bum,1998-04-02,,,
969,Reversal of Fortune,Drama,226,Katherine Woodberry,1985-08-23,,,
970,Children Who Chase Lost Voices from Deep Below (Hoshi o ou kodomo) (Journey to Agartha),Animation|Drama|Fantasy,233,Trenton Buswell,1996-10-04,,,
971,Evocateur: The Morton Downey Jr. Movie,Documentary,228,Javier Coggles,2013-07-01,,,
972,Five Children and It,Adventure|Children|Fantasy,215,Winn Gegay,2004-08-04,,,
973,In Their Sleep (Dans ton sommeil),Horror|Thriller,199,Zarah Kedslie,2008-11-12,,,
974,Mall,Drama,126,Emelia Garrud,1989-05-24,,,
975,Old Man Drinking a Glass of Beer,(no genres listed),153,Guthry Gambie,2016-02-22,,,
976,"Perfect Family, The",Comedy|Drama,117,Lanna Rallin,1990-08-20,,,
977,"Outsiders, The",Drama,103,Win Diamond,1999-01-05,,,
978,Athena,Comedy|Musical|Romance,185,Garwood Boath,2010-08-02,,,
979,Circus,Crime|Drama|Thriller,215,Karola Lunney,1992-07-29,,,
980,Cheerful Weather for the Wedding,Comedy|Drama,161,Beckie Dudill,2010-02-23,,,
981,"Living Desert, The",Documentary,200,Pail Waby,2018-10-08,,,
982,Children of the Corn,Horror|Thriller,199,Theodosia De Mattei,2015-06-22,,,
983,Bingo,Adventure|Comedy,147,Phaedra Boulter,2012-07-31,,,
984,Perfect Sisters,Drama|Mystery,165,Nita Favelle,1995-03-05,,,
985,Aquamarine,Children|Comedy|Fantasy,92,Harli Escudier,2008-07-25,,,
986,Caine (Shark!),Action|Adventure|Thriller,126,Gav Niemiec,2003-05-08,,,
987,"Very Harold & Kumar 3D Christmas, A",Comedy,112,Betteanne McGray,2016-02-26,,,
988,Sada,Drama,96,Maribelle Herculson,1999-07-03,,,
989,"Tunnel, The (Tunnel, Der)",Action|Drama|Thriller,125,Olin Hinkensen,2002-02-21,,,
990,One Nation Under God ,Documentary,115,Benedicto Eddy,1998-04-18,,,
991,Roman Holiday,Comedy|Drama|Romance,163,Letitia Rowswell,2017-03-05,,,
992,"Soviet Story, The",Documentary,233,Dian Greeson,2008-08-23,,,
993,Cry Freedom,Drama,122,Elaina Vasler,1983-06-26,,,
994,Night of the Living Dead,Horror,225,Willem Tippings,1984-02-25,,,
995,Under the Skin,Horror|Sci-Fi|Thriller,227,Edythe Pidler,2015-01-20,,,
996,Empty Nest (El nido vacío),Comedy|Drama,183,Stacee Jellico,2008-09-18,,,
997,Enemy of the State,Action|Thriller,171,Milo Runnett,2003-08-21,,,
998,Little Manhattan,Children|Comedy|Romance,162,Jarib Sans,2017-12-02,,,
999,Bond Girls Are Forever,Documentary,101,Shoshana Ferne,2015-06-07,,,
1000,An Evening with Robin Williams,Comedy,131,Rori Bredee,2003-10-05,,,
